date,team,xG,xGA,result,season
2023-08-12 16:30:00,Aston Villa,1.486,4.32208,l,2023
2023-08-20 13:00:00,Aston Villa,3.24336,0.721465,w,2023
2023-08-27 13:00:00,Aston Villa,2.83691,0.630605,w,2023
2023-09-03 13:00:00,Aston Villa,0.615503,2.73138,l,2023
2023-09-16 14:00:00,Aston Villa,2.31518,1.11696,w,2023
2023-09-24 13:00:00,Aston Villa,1.13479,1.19716,w,2023
2023-09-30 11:30:00,Aston Villa,1.90746,1.72819,w,2023
2023-10-08 13:00:00,Aston Villa,1.81618,1.76232,d,2023
2023-10-22 15:30:00,Aston Villa,2.34143,0.659622,w,2023
2023-10-29 14:00:00,Aston Villa,3.07654,0.453117,w,2023
2023-11-05 14:00:00,Aston Villa,1.33116,0.592447,l,2023
2023-11-12 14:00:00,Aston Villa,2.86039,0.648745,w,2023
2023-11-26 14:00:00,Aston Villa,2.39755,2.22542,w,2023
2023-12-03 14:00:00,Aston Villa,0.89511,2.54937,d,2023
2023-12-06 20:15:00,Aston Villa,2.1922,1.00198,w,2023
2023-12-09 17:30:00,Aston Villa,0.628499,1.71667,w,2023
2023-12-17 14:00:00,Aston Villa,1.4664,0.796812,w,2023
2023-12-22 20:00:00,Aston Villa,1.21861,0.646159,d,2023
2023-12-26 20:00:00,Aston Villa,1.83637,1.20104,l,2023
2023-12-30 15:00:00,Aston Villa,2.92587,1.11923,w,2023
2024-01-14 14:00:00,Aston Villa,1.3435,1.03664,d,2023
2024-01-30 20:15:00,Aston Villa,1.44485,3.3224,l,2023
2024-02-03 17:30:00,Aston Villa,2.99015,1.52784,w,2023
2024-02-11 16:30:00,Aston Villa,2.64675,2.44591,l,2023
2024-02-17 15:00:00,Aston Villa,1.57297,1.41796,w,2023
2024-02-24 15:00:00,Aston Villa,3.48861,2.25569,w,2023
2024-03-02 17:30:00,Aston Villa,2.08586,2.43312,w,2023
2024-03-10 13:00:00,Aston Villa,1.23267,2.25381,l,2023
2024-03-17 14:00:00,Aston Villa,0.911274,1.32829,d,2023
2024-03-30 17:30:00,Aston Villa,1.28271,1.66232,w,2023
2024-04-03 19:15:00,Aston Villa,1.18643,3.87704,l,2023
2024-04-06 14:00:00,Aston Villa,1.16333,1.42064,d,2023
2024-04-14 15:30:00,Aston Villa,0.929049,1.89003,w,2023
2024-04-21 14:00:00,Aston Villa,2.62687,2.05211,w,2023
2024-04-27 19:00:00,Aston Villa,0.612257,1.56401,d,2023
2024-05-05 13:00:00,Aston Villa,0.0644055,2.63566,l,2023
2024-05-13 19:00:00,Aston Villa,2.71655,1.89968,d,2023
2024-05-19 15:00:00,Aston Villa,0.598846,2.23189,l,2023
2023-08-12 14:00:00,Everton,2.59001,1.58144,l,2023
2023-08-20 13:00:00,Everton,0.721465,3.24336,l,2023
2023-08-26 14:00:00,Everton,1.89792,1.40228,l,2023
2023-09-02 11:30:00,Everton,2.73871,1.575,d,2023
2023-09-17 15:30:00,Everton,0.28317,0.802605,l,2023
2023-09-23 16:30:00,Everton,2.51497,1.57402,w,2023
2023-09-30 14:00:00,Everton,3.65377,1.5102,l,2023
2023-10-07 14:00:00,Everton,3.16482,0.981732,w,2023
2023-10-21 11:30:00,Everton,0.0937725,2.28568,l,2023
2023-10-29 13:00:00,Everton,0.733813,0.618578,w,2023
2023-11-04 15:00:00,Everton,0.617607,0.442489,d,2023
2023-11-11 15:00:00,Everton,1.7904,1.89194,w,2023
2023-11-26 16:30:00,Everton,2.49764,2.07334,l,2023
2023-12-02 17:30:00,Everton,0.623789,0.673085,w,2023
2023-12-07 19:30:00,Everton,2.95393,1.29564,w,2023
2023-12-10 14:00:00,Everton,1.11437,0.885512,w,2023
2023-12-16 17:30:00,Everton,2.22305,0.811435,w,2023
2023-12-23 15:00:00,Everton,1.98385,1.57527,l,2023
2023-12-27 20:15:00,Everton,1.23529,2.28321,l,2023
2023-12-30 15:00:00,Everton,0.519641,2.64477,l,2023
2024-01-14 14:00:00,Everton,1.03664,1.3435,d,2023
2024-01-30 19:45:00,Everton,2.83317,2.37499,d,2023
2024-02-03 12:30:00,Everton,3.25881,0.922371,d,2023
2024-02-10 12:30:00,Everton,0.192072,1.58971,l,2023
2024-02-19 20:00:00,Everton,2.44588,0.734685,d,2023
2024-02-24 15:00:00,Everton,0.286655,1.6538,d,2023
2024-03-02 15:00:00,Everton,3.12075,2.17948,l,2023
2024-03-09 12:30:00,Everton,1.8214,2.9016,l,2023
2024-03-30 15:00:00,Everton,0.93378,1.39268,l,2023
2024-04-02 18:30:00,Everton,1.69834,2.65009,d,2023
2024-04-06 14:00:00,Everton,0.659844,0.34699,w,2023
2024-04-15 19:00:00,Everton,1.21791,3.37093,l,2023
2024-04-21 12:30:00,Everton,0.473233,1.18916,w,2023
2024-04-24 19:00:00,Everton,1.89111,1.87155,w,2023
2024-04-27 16:30:00,Everton,1.21399,0.956356,w,2023
2024-05-03 19:00:00,Everton,1.22959,0.950391,d,2023
2024-05-11 14:00:00,Everton,1.82411,0.465523,w,2023
2024-05-19 15:00:00,Everton,0.664904,3.2117,l,2023
2023-08-12 14:00:00,Bournemouth,1.51025,1.4834,d,2023
2023-08-19 14:00:00,Bournemouth,1.3867,3.25448,l,2023
2023-08-26 11:30:00,Bournemouth,0.483582,2.26115,l,2023
2023-09-02 14:00:00,Bournemouth,2.11013,3.07185,d,2023
2023-09-17 13:00:00,Bournemouth,1.32515,1.39677,d,2023
2023-09-24 13:00:00,Bournemouth,1.58984,2.14533,l,2023
2023-09-30 14:00:00,Bournemouth,0.644443,4.0742,l,2023
2023-10-07 14:00:00,Bournemouth,0.981732,3.16482,l,2023
2023-10-21 14:00:00,Bournemouth,1.01839,2.30454,l,2023
2023-10-28 14:00:00,Bournemouth,1.10052,0.90255,w,2023
2023-11-04 15:00:00,Bournemouth,0.643127,2.39949,l,2023
2023-11-11 17:30:00,Bournemouth,2.78424,0.306141,w,2023
2023-11-25 15:00:00,Bournemouth,3.13975,0.816227,w,2023
2023-12-03 14:00:00,Bournemouth,2.54937,0.89511,d,2023
2023-12-06 19:30:00,Bournemouth,1.79997,1.26441,w,2023
2023-12-09 15:00:00,Bournemouth,1.9742,1.11296,w,2023
2023-12-23 15:00:00,Bournemouth,1.89067,0.791806,w,2023
2023-12-26 15:00:00,Bournemouth,2.07911,0.324365,w,2023
2023-12-31 14:00:00,Bournemouth,1.58229,2.15027,l,2023
2024-01-21 16:30:00,Bournemouth,0.834585,1.53344,l,2023
2024-02-01 19:30:00,Bournemouth,1.13487,1.3128,d,2023
2024-02-04 14:00:00,Bournemouth,1.1895,0.456548,d,2023
2024-02-10 15:00:00,Bournemouth,2.60612,1.7456,l,2023
2024-02-17 15:00:00,Bournemouth,2.08098,2.38425,d,2023
2024-02-24 17:30:00,Bournemouth,0.925889,1.79636,l,2023
2024-03-03 13:00:00,Bournemouth,1.43616,1.60461,w,2023
2024-03-09 15:00:00,Bournemouth,3.92657,1.91752,d,2023
2024-03-13 19:30:00,Bournemouth,2.84403,2.79419,w,2023
2024-03-30 15:00:00,Bournemouth,1.39268,0.93378,w,2023
2024-04-02 18:45:00,Bournemouth,1.30969,0.174389,w,2023
2024-04-06 14:00:00,Bournemouth,0.616108,1.30478,l,2023
2024-04-13 16:30:00,Bournemouth,2.38519,1.52274,d,2023
2024-04-21 14:00:00,Bournemouth,2.05211,2.62687,l,2023
2024-04-24 18:45:00,Bournemouth,2.40311,0.484454,w,2023
2024-04-28 13:00:00,Bournemouth,2.48132,1.35682,w,2023
2024-05-04 11:30:00,Bournemouth,0.4687,3.91372,l,2023
2024-05-11 14:00:00,Bournemouth,1.07237,1.92722,l,2023
2024-05-19 15:00:00,Bournemouth,2.002,1.59771,l,2023
2023-08-12 14:00:00,Crystal Palace,2.27616,0.422704,w,2023
2023-08-21 19:00:00,Crystal Palace,1.06916,2.20593,l,2023
2023-08-26 14:00:00,Crystal Palace,1.06061,0.948011,d,2023
2023-09-03 13:00:00,Crystal Palace,2.32935,1.13911,w,2023
2023-09-16 14:00:00,Crystal Palace,1.11696,2.31518,l,2023
2023-09-23 14:00:00,Crystal Palace,0.37236,0.542678,d,2023
2023-09-30 14:00:00,Crystal Palace,1.19015,1.55408,w,2023
2023-10-07 16:30:00,Crystal Palace,0.982452,1.22105,d,2023
2023-10-21 14:00:00,Crystal Palace,1.08795,3.73336,l,2023
2023-10-27 19:00:00,Crystal Palace,0.561834,0.989103,l,2023
2023-11-04 15:00:00,Crystal Palace,1.43653,1.4998,w,2023
2023-11-11 15:00:00,Crystal Palace,1.89194,1.7904,l,2023
2023-11-25 15:00:00,Crystal Palace,1.83546,0.996153,l,2023
2023-12-03 14:00:00,Crystal Palace,0.987682,1.1466,d,2023
2023-12-06 19:30:00,Crystal Palace,1.26441,1.79997,l,2023
2023-12-09 12:30:00,Crystal Palace,1.79152,1.3708,l,2023
2023-12-16 15:00:00,Crystal Palace,1.64977,2.41646,d,2023
2023-12-21 20:00:00,Crystal Palace,1.65409,1.33653,d,2023
2023-12-27 19:30:00,Crystal Palace,0.958077,2.73005,l,2023
2023-12-30 15:00:00,Crystal Palace,1.61057,1.28731,w,2023
2024-01-20 12:30:00,Crystal Palace,0.288083,3.52167,l,2023
2024-01-30 20:00:00,Crystal Palace,1.1601,0.768467,w,2023
2024-02-03 15:00:00,Crystal Palace,0.241137,1.92591,l,2023
2024-02-12 20:00:00,Crystal Palace,0.719516,1.26948,l,2023
2024-02-19 20:00:00,Crystal Palace,0.734685,2.44588,d,2023
2024-02-24 15:00:00,Crystal Palace,2.41612,0.0760216,w,2023
2024-03-02 15:00:00,Crystal Palace,0.277887,2.6625,l,2023
2024-03-09 15:00:00,Crystal Palace,3.25103,1.08531,d,2023
2024-03-30 15:00:00,Crystal Palace,0.900972,0.784652,d,2023
2024-04-02 18:45:00,Crystal Palace,0.174389,1.30969,l,2023
2024-04-06 11:30:00,Crystal Palace,1.49472,2.26381,l,2023
2024-04-14 13:00:00,Crystal Palace,2.12879,3.04497,w,2023
2024-04-21 14:00:00,Crystal Palace,3.7185,1.34536,w,2023
2024-04-24 19:00:00,Crystal Palace,1.43661,0.55129,w,2023
2024-04-27 14:00:00,Crystal Palace,1.05387,1.39418,d,2023
2024-05-06 19:00:00,Crystal Palace,2.0656,0.341417,w,2023
2024-05-11 14:00:00,Crystal Palace,2.51452,1.1561,w,2023
2024-05-19 15:00:00,Crystal Palace,2.23189,0.598846,w,2023
2023-08-13 15:30:00,Chelsea,1.93258,1.29994,d,2023
2023-08-20 15:30:00,Chelsea,1.60916,1.71234,l,2023
2023-08-25 19:00:00,Chelsea,3.41419,0.465741,w,2023
2023-09-02 14:00:00,Chelsea,2.28442,1.1505,l,2023
2023-09-17 13:00:00,Chelsea,1.39677,1.32515,d,2023
2023-09-24 13:00:00,Chelsea,1.19716,1.13479,l,2023
2023-10-02 19:00:00,Chelsea,1.98461,0.889383,w,2023
2023-10-07 14:00:00,Chelsea,1.97566,0.956642,w,2023
2023-10-21 16:30:00,Chelsea,1.71838,1.05791,d,2023
2023-10-28 11:30:00,Chelsea,1.71801,2.48137,l,2023
2023-11-06 20:00:00,Chelsea,4.05865,0.959108,w,2023
2023-11-12 16:30:00,Chelsea,3.47238,3.19324,d,2023
2023-11-25 15:00:00,Chelsea,0.968061,2.15227,l,2023
2023-12-03 14:00:00,Chelsea,1.66304,0.855058,w,2023
2023-12-06 20:15:00,Chelsea,2.3512,4.03949,l,2023
2023-12-10 14:00:00,Chelsea,0.885512,1.11437,l,2023
2023-12-16 15:00:00,Chelsea,3.27322,0.44014,w,2023
2023-12-24 13:00:00,Chelsea,1.75447,1.74626,l,2023
2023-12-27 19:30:00,Chelsea,2.73005,0.958077,w,2023
2023-12-30 12:30:00,Chelsea,1.57463,2.64093,w,2023
2024-01-13 12:30:00,Chelsea,2.0456,0.697847,w,2023
2024-01-31 20:15:00,Chelsea,0.477972,3.6627,l,2023
2024-02-04 14:00:00,Chelsea,2.35967,2.48996,l,2023
2024-02-12 20:00:00,Chelsea,1.26948,0.719516,w,2023
2024-02-17 17:30:00,Chelsea,1.82903,2.77713,d,2023
2024-03-02 15:00:00,Chelsea,2.1523,2.4732,d,2023
2024-03-11 20:00:00,Chelsea,1.78315,0.568435,w,2023
2024-03-30 15:00:00,Chelsea,4.46643,2.10422,d,2023
2024-04-04 19:15:00,Chelsea,3.48048,1.56686,w,2023
2024-04-07 16:30:00,Chelsea,0.521789,1.74265,d,2023
2024-04-15 19:00:00,Chelsea,3.37093,1.21791,w,2023
2024-04-23 19:00:00,Chelsea,1.60343,3.45858,l,2023
2024-04-27 19:00:00,Chelsea,1.56401,0.612257,d,2023
2024-05-02 18:30:00,Chelsea,2.22432,1.27064,w,2023
2024-05-05 13:00:00,Chelsea,4.21838,0.893899,w,2023
2024-05-11 16:30:00,Chelsea,2.41068,2.44569,w,2023
2024-05-15 18:45:00,Chelsea,1.544,1.32423,w,2023
2024-05-19 15:00:00,Chelsea,1.59771,2.002,w,2023
2023-08-12 14:00:00,West Ham,1.4834,1.51025,d,2023
2023-08-20 15:30:00,West Ham,1.71234,1.60916,w,2023
2023-08-26 16:30:00,West Ham,2.9527,1.3743,w,2023
2023-09-01 19:00:00,West Ham,1.22528,2.02244,w,2023
2023-09-16 14:00:00,West Ham,0.895632,4.15046,l,2023
2023-09-24 13:00:00,West Ham,1.53878,4.14262,l,2023
2023-09-30 14:00:00,West Ham,3.19753,0.911997,w,2023
2023-10-08 13:00:00,West Ham,0.931345,1.97865,d,2023
2023-10-22 15:30:00,West Ham,0.659622,2.34143,l,2023
2023-10-29 13:00:00,West Ham,0.618578,0.733813,l,2023
2023-11-04 15:00:00,West Ham,1.75505,1.82944,l,2023
2023-11-12 14:00:00,West Ham,2.06402,1.42128,w,2023
2023-11-25 15:00:00,West Ham,1.36963,1.44228,w,2023
2023-12-03 14:00:00,West Ham,1.1466,0.987682,d,2023
2023-12-07 20:15:00,West Ham,1.7409,1.61268,w,2023
2023-12-10 14:00:00,West Ham,0.983,2.1884,l,2023
2023-12-17 14:00:00,West Ham,1.03828,0.556206,w,2023
2023-12-23 12:30:00,West Ham,1.51468,0.730496,w,2023
2023-12-28 20:15:00,West Ham,1.59711,2.7884,w,2023
2024-01-02 18:30:00,West Ham,0.9831,2.1552,d,2023
2024-01-21 14:00:00,West Ham,2.4241,2.61362,d,2023
2024-02-01 19:30:00,West Ham,1.3128,1.13487,d,2023
2024-02-04 14:00:00,West Ham,1.1807,0.96721,l,2023
2024-02-11 14:00:00,West Ham,0.191065,3.99893,l,2023
2024-02-17 15:00:00,West Ham,0.520016,2.66942,l,2023
2024-02-26 20:00:00,West Ham,2.06873,1.33683,w,2023
2024-03-02 15:00:00,West Ham,2.17948,3.12075,w,2023
2024-03-10 14:00:00,West Ham,1.87414,0.88131,d,2023
2024-03-17 14:00:00,West Ham,1.32829,0.911274,d,2023
2024-03-30 12:30:00,West Ham,0.994584,3.80922,l,2023
2024-04-02 19:15:00,West Ham,1.47017,1.39423,d,2023
2024-04-06 14:00:00,West Ham,1.14133,1.78341,w,2023
2024-04-14 13:00:00,West Ham,1.45307,3.61413,l,2023
2024-04-21 14:00:00,West Ham,1.34536,3.7185,l,2023
2024-04-27 11:30:00,West Ham,0.794025,2.29298,d,2023
2024-05-05 13:00:00,West Ham,0.893899,4.21838,l,2023
2024-05-11 14:00:00,West Ham,3.71009,0.640456,w,2023
2024-05-19 15:00:00,West Ham,0.240159,2.31504,l,2023
2023-08-13 13:00:00,Tottenham,1.45316,1.90756,d,2023
2023-08-19 16:30:00,Tottenham,2.53904,2.44604,w,2023
2023-08-26 11:30:00,Tottenham,2.26115,0.483582,w,2023
2023-09-02 14:00:00,Tottenham,2.39785,1.66604,w,2023
2023-09-16 14:00:00,Tottenham,2.15909,0.790655,w,2023
2023-09-24 13:00:00,Tottenham,2.21166,2.3429,d,2023
2023-09-30 16:30:00,Tottenham,2.18823,1.12299,w,2023
2023-10-07 11:30:00,Tottenham,2.37947,0.848118,w,2023
2023-10-23 19:00:00,Tottenham,1.63523,0.745838,w,2023
2023-10-27 19:00:00,Tottenham,0.989103,0.561834,w,2023
2023-11-06 20:00:00,Tottenham,0.959108,4.05865,l,2023
2023-11-11 12:30:00,Tottenham,0.432315,1.90884,l,2023
2023-11-26 14:00:00,Tottenham,2.22542,2.39755,l,2023
2023-12-03 16:30:00,Tottenham,0.433077,2.90729,d,2023
2023-12-07 20:15:00,Tottenham,1.61268,1.7409,l,2023
2023-12-10 16:30:00,Tottenham,4.40118,1.61368,w,2023
2023-12-15 20:00:00,Tottenham,1.60738,1.70569,w,2023
2023-12-23 15:00:00,Tottenham,1.57527,1.98385,w,2023
2023-12-28 19:30:00,Tottenham,2.06955,3.84702,l,2023
2023-12-31 14:00:00,Tottenham,2.15027,1.58229,w,2023
2024-01-14 16:30:00,Tottenham,1.31224,0.923233,d,2023
2024-01-31 19:30:00,Tottenham,3.36194,1.59637,w,2023
2024-02-03 12:30:00,Tottenham,0.922371,3.25881,d,2023
2024-02-10 15:00:00,Tottenham,2.10928,1.49285,w,2023
2024-02-17 15:00:00,Tottenham,1.59768,1.77591,l,2023
2024-03-02 15:00:00,Tottenham,2.6625,0.277887,w,2023
2024-03-10 13:00:00,Tottenham,2.25381,1.23267,w,2023
2024-03-16 17:30:00,Tottenham,2.14564,2.47234,l,2023
2024-03-30 15:00:00,Tottenham,2.46523,0.402402,w,2023
2024-04-02 19:15:00,Tottenham,1.39423,1.47017,d,2023
2024-04-07 19:00:00,Tottenham,1.61978,2.00122,w,2023
2024-04-13 11:30:00,Tottenham,0.737596,3.1483,l,2023
2024-04-28 13:00:00,Tottenham,2.60458,1.51469,l,2023
2024-05-02 18:30:00,Tottenham,1.27064,2.22432,l,2023
2024-05-05 15:30:00,Tottenham,1.17205,3.26222,l,2023
2024-05-11 14:00:00,Tottenham,3.00238,0.950331,w,2023
2024-05-14 19:00:00,Tottenham,1.84285,2.70331,l,2023
2024-05-19 15:00:00,Tottenham,3.19675,0.697312,w,2023
2023-08-12 11:30:00,Arsenal,0.84262,0.966305,w,2023
2023-08-21 19:00:00,Arsenal,2.20593,1.06916,w,2023
2023-08-26 14:00:00,Arsenal,3.23088,0.849817,d,2023
2023-09-03 15:30:00,Arsenal,1.90973,0.966109,w,2023
2023-09-17 15:30:00,Arsenal,0.802605,0.28317,w,2023
2023-09-24 13:00:00,Arsenal,2.3429,2.21166,d,2023
2023-09-30 14:00:00,Arsenal,4.0742,0.644443,w,2023
2023-10-08 15:30:00,Arsenal,0.386558,0.858071,w,2023
2023-10-21 16:30:00,Arsenal,1.05791,1.71838,d,2023
2023-10-28 14:00:00,Arsenal,3.03496,0.0281554,w,2023
2023-11-04 17:30:00,Arsenal,0.535473,1.12355,l,2023
2023-11-11 15:00:00,Arsenal,2.63194,0.327706,w,2023
2023-11-25 17:30:00,Arsenal,1.82699,1.66315,w,2023
2023-12-02 15:00:00,Arsenal,3.30368,1.07886,w,2023
2023-12-05 20:15:00,Arsenal,2.58815,0.526254,w,2023
2023-12-09 17:30:00,Arsenal,1.71667,0.628499,l,2023
2023-12-17 14:00:00,Arsenal,2.76976,0.663054,w,2023
2023-12-23 17:30:00,Arsenal,0.851681,0.982901,d,2023
2023-12-28 20:15:00,Arsenal,2.7884,1.59711,l,2023
2023-12-31 14:00:00,Arsenal,1.6591,1.52829,l,2023
2024-01-20 12:30:00,Arsenal,3.52167,0.288083,w,2023
2024-01-30 19:30:00,Arsenal,1.39143,0.631618,w,2023
2024-02-04 16:30:00,Arsenal,2.8526,0.542052,w,2023
2024-02-11 14:00:00,Arsenal,3.99893,0.191065,w,2023
2024-02-17 15:00:00,Arsenal,2.20575,0.335143,w,2023
2024-02-24 20:00:00,Arsenal,2.59336,0.217373,w,2023
2024-03-04 20:00:00,Arsenal,2.47294,0.201374,w,2023
2024-03-09 17:30:00,Arsenal,1.59369,0.733239,w,2023
2024-03-31 16:30:00,Arsenal,0.511402,1.22009,d,2023
2024-04-03 18:30:00,Arsenal,1.14384,0.292082,w,2023
2024-04-06 16:30:00,Arsenal,4.16518,0.428514,w,2023
2024-04-14 15:30:00,Arsenal,1.89003,0.929049,l,2023
2024-04-20 18:30:00,Arsenal,1.66179,0.164516,w,2023
2024-04-23 19:00:00,Arsenal,3.45858,1.60343,w,2023
2024-04-28 13:00:00,Arsenal,1.51469,2.60458,w,2023
2024-05-04 11:30:00,Arsenal,3.91372,0.4687,w,2023
2024-05-12 15:30:00,Arsenal,1.73104,0.551669,w,2023
2024-05-19 15:00:00,Arsenal,3.2117,0.664904,w,2023
2023-08-12 16:30:00,Newcastle United,4.32208,1.486,w,2023
2023-08-19 19:00:00,Newcastle United,0.257154,1.22528,l,2023
2023-08-27 15:30:00,Newcastle United,1.62037,0.856121,l,2023
2023-09-02 16:30:00,Newcastle United,0.90476,1.32258,l,2023
2023-09-16 16:30:00,Newcastle United,1.50126,0.633678,w,2023
2023-09-24 15:30:00,Newcastle United,5.1082,0.579392,w,2023
2023-09-30 14:00:00,Newcastle United,3.08516,0.801849,w,2023
2023-10-08 13:00:00,Newcastle United,1.97865,0.931345,d,2023
2023-10-21 14:00:00,Newcastle United,3.73336,1.08795,w,2023
2023-10-28 16:30:00,Newcastle United,2.31987,0.863393,d,2023
2023-11-04 17:30:00,Newcastle United,1.12355,0.535473,w,2023
2023-11-11 17:30:00,Newcastle United,0.306141,2.78424,l,2023
2023-11-25 15:00:00,Newcastle United,2.15227,0.968061,w,2023
2023-12-02 20:00:00,Newcastle United,2.90191,0.422674,w,2023
2023-12-07 19:30:00,Newcastle United,1.29564,2.95393,l,2023
2023-12-10 16:30:00,Newcastle United,1.61368,4.40118,l,2023
2023-12-16 15:00:00,Newcastle United,4.27933,0.471042,w,2023
2023-12-23 15:00:00,Newcastle United,1.41488,1.81844,l,2023
2023-12-26 12:30:00,Newcastle United,2.79106,3.1074,l,2023
2024-01-01 19:00:00,Newcastle United,0.910974,6.67151,l,2023
2024-01-13 17:30:00,Newcastle United,1.23638,2.55452,l,2023
2024-01-30 20:15:00,Newcastle United,3.3224,1.44485,w,2023
2024-02-03 15:00:00,Newcastle United,2.37353,2.67463,d,2023
2024-02-10 17:30:00,Newcastle United,0.511375,0.968075,w,2023
2024-02-17 15:00:00,Newcastle United,2.38425,2.08098,d,2023
2024-02-24 20:00:00,Newcastle United,0.217373,2.59336,l,2023
2024-03-02 15:00:00,Newcastle United,3.33495,0.507769,w,2023
2024-03-11 20:00:00,Newcastle United,0.568435,1.78315,l,2023
2024-03-30 12:30:00,Newcastle United,3.80922,0.994584,w,2023
2024-04-02 18:30:00,Newcastle United,2.65009,1.69834,d,2023
2024-04-06 14:00:00,Newcastle United,1.18012,0.834564,w,2023
2024-04-13 11:30:00,Newcastle United,3.1483,0.737596,w,2023
2024-04-24 19:00:00,Newcastle United,0.55129,1.43661,l,2023
2024-04-27 14:00:00,Newcastle United,2.93477,1.82408,w,2023
2024-05-04 14:00:00,Newcastle United,4.25643,1.28632,w,2023
2024-05-11 14:00:00,Newcastle United,2.45163,1.91556,d,2023
2024-05-15 19:00:00,Newcastle United,2.27657,1.49706,l,2023
2024-05-19 15:00:00,Newcastle United,3.65044,1.70157,w,2023
2023-08-13 15:30:00,Liverpool,1.29994,1.93258,d,2023
2023-08-19 14:00:00,Liverpool,3.25448,1.3867,w,2023
2023-08-27 15:30:00,Liverpool,0.856121,1.62037,w,2023
2023-09-03 13:00:00,Liverpool,2.73138,0.615503,w,2023
2023-09-16 11:30:00,Liverpool,2.82701,0.538833,w,2023
2023-09-24 13:00:00,Liverpool,4.14262,1.53878,w,2023
2023-09-30 16:30:00,Liverpool,1.12299,2.18823,l,2023
2023-10-08 13:00:00,Liverpool,2.51029,2.23187,d,2023
2023-10-21 11:30:00,Liverpool,2.28568,0.0937725,w,2023
2023-10-29 14:00:00,Liverpool,2.70428,0.642014,w,2023
2023-11-05 16:30:00,Liverpool,3.03925,1.3411,d,2023
2023-11-12 14:00:00,Liverpool,1.56004,1.44954,w,2023
2023-11-25 12:30:00,Liverpool,0.766278,1.79622,d,2023
2023-12-03 14:00:00,Liverpool,2.72831,1.51005,w,2023
2023-12-06 19:30:00,Liverpool,1.80116,0.834172,w,2023
2023-12-09 12:30:00,Liverpool,1.3708,1.79152,w,2023
2023-12-17 16:30:00,Liverpool,1.97111,0.632715,d,2023
2023-12-23 17:30:00,Liverpool,0.982901,0.851681,d,2023
2023-12-26 17:30:00,Liverpool,1.68451,0.972389,w,2023
2024-01-01 19:00:00,Liverpool,6.67151,0.910974,w,2023
2024-01-21 16:30:00,Liverpool,1.53344,0.834585,w,2023
2024-01-31 20:15:00,Liverpool,3.6627,0.477972,w,2023
2024-02-04 16:30:00,Liverpool,0.542052,2.8526,l,2023
2024-02-10 15:00:00,Liverpool,3.14734,1.11123,w,2023
2024-02-17 12:30:00,Liverpool,3.08952,1.69518,w,2023
2024-02-21 15:00:00,Liverpool,3.70302,0.956512,w,2023
2024-03-02 15:00:00,Liverpool,1.32259,0.971466,w,2023
2024-03-10 15:45:00,Liverpool,2.25492,1.37289,d,2023
2024-03-31 14:00:00,Liverpool,3.21149,0.43922,w,2023
2024-04-04 18:30:00,Liverpool,2.51772,0.720948,w,2023
2024-04-07 14:30:00,Liverpool,4.43457,0.814509,d,2023
2024-04-14 13:00:00,Liverpool,3.04497,2.12879,l,2023
2024-04-21 15:30:00,Liverpool,1.02445,0.83885,w,2023
2024-04-24 19:00:00,Liverpool,1.87155,1.89111,l,2023
2024-04-27 11:30:00,Liverpool,2.29298,0.794025,d,2023
2024-05-05 15:30:00,Liverpool,3.26222,1.17205,w,2023
2024-05-13 19:00:00,Liverpool,1.89968,2.71655,d,2023
2024-05-19 15:00:00,Liverpool,5.65937,0.731254,w,2023
2023-08-11 19:00:00,Manchester City,2.40074,0.311032,w,2023
2023-08-19 19:00:00,Manchester City,1.22528,0.257154,w,2023
2023-08-27 13:00:00,Manchester City,3.84804,0.762232,w,2023
2023-09-02 14:00:00,Manchester City,2.00152,1.46427,w,2023
2023-09-16 14:00:00,Manchester City,4.15046,0.895632,w,2023
2023-09-23 14:00:00,Manchester City,1.33984,0.729109,w,2023
2023-09-30 14:00:00,Manchester City,0.98075,0.673985,l,2023
2023-10-08 15:30:00,Manchester City,0.858071,0.386558,l,2023
2023-10-21 14:00:00,Manchester City,0.962509,0.963733,w,2023
2023-10-29 15:30:00,Manchester City,4.54595,0.714628,w,2023
2023-11-04 15:00:00,Manchester City,2.39949,0.643127,w,2023
2023-11-12 16:30:00,Manchester City,3.19324,3.47238,d,2023
2023-11-25 12:30:00,Manchester City,1.79622,0.766278,d,2023
2023-12-03 16:30:00,Manchester City,2.90729,0.433077,d,2023
2023-12-06 20:15:00,Manchester City,1.00198,2.1922,l,2023
2023-12-10 14:00:00,Manchester City,2.23353,0.689037,w,2023
2023-12-16 15:00:00,Manchester City,2.41646,1.64977,d,2023
2023-12-27 20:15:00,Manchester City,2.28321,1.23529,w,2023
2023-12-30 15:00:00,Manchester City,2.24229,0.263211,w,2023
2024-01-13 17:30:00,Manchester City,2.55452,1.23638,w,2023
2024-01-31 19:30:00,Manchester City,1.84756,1.49114,w,2023
2024-02-05 20:00:00,Manchester City,2.10785,0.865741,w,2023
2024-02-10 12:30:00,Manchester City,1.58971,0.192072,w,2023
2024-02-17 17:30:00,Manchester City,2.77713,1.82903,d,2023
2024-02-20 18:30:00,Manchester City,2.53766,0.503799,w,2023
2024-02-24 17:30:00,Manchester City,1.79636,0.925889,w,2023
2024-03-03 15:30:00,Manchester City,2.64173,0.153764,w,2023
2024-03-10 15:45:00,Manchester City,1.37289,2.25492,d,2023
2024-03-31 16:30:00,Manchester City,1.22009,0.511402,d,2023
2024-04-03 19:15:00,Manchester City,3.87704,1.18643,w,2023
2024-04-06 11:30:00,Manchester City,2.26381,1.49472,w,2023
2024-04-13 14:00:00,Manchester City,4.64245,0.809775,w,2023
2024-04-25 19:00:00,Manchester City,1.90507,0.572021,w,2023
2024-04-28 15:30:00,Manchester City,0.932063,2.17312,w,2023
2024-05-04 16:30:00,Manchester City,4.52542,0.396887,w,2023
2024-05-11 11:30:00,Manchester City,3.15218,0.0886245,w,2023
2024-05-14 19:00:00,Manchester City,2.70331,1.84285,w,2023
2024-05-19 15:00:00,Manchester City,2.31504,0.240159,w,2023
2023-08-14 19:00:00,Manchester United,1.97087,1.72228,w,2023
2023-08-19 16:30:00,Manchester United,2.44604,2.53904,l,2023
2023-08-26 14:00:00,Manchester United,3.02803,0.960354,w,2023
2023-09-03 15:30:00,Manchester United,0.966109,1.90973,l,2023
2023-09-16 14:00:00,Manchester United,0.719951,1.93908,l,2023
2023-09-23 19:00:00,Manchester United,0.840273,0.935444,w,2023
2023-09-30 14:00:00,Manchester United,1.55408,1.19015,l,2023
2023-10-07 14:00:00,Manchester United,1.29356,1.02509,w,2023
2023-10-21 19:00:00,Manchester United,1.46187,1.41074,w,2023
2023-10-29 15:30:00,Manchester United,0.714628,4.54595,l,2023
2023-11-04 12:30:00,Manchester United,0.697095,1.18241,w,2023
2023-11-11 15:00:00,Manchester United,2.74105,0.408265,w,2023
2023-11-26 16:30:00,Manchester United,2.07334,2.49764,w,2023
2023-12-02 20:00:00,Manchester United,0.422674,2.90191,l,2023
2023-12-06 20:15:00,Manchester United,4.03949,2.3512,w,2023
2023-12-09 15:00:00,Manchester United,1.11296,1.9742,l,2023
2023-12-17 16:30:00,Manchester United,0.632715,1.97111,d,2023
2023-12-23 12:30:00,Manchester United,0.730496,1.51468,l,2023
2023-12-26 20:00:00,Manchester United,1.20104,1.83637,w,2023
2023-12-30 17:30:00,Manchester United,0.651905,0.744348,l,2023
2024-01-14 16:30:00,Manchester United,0.923233,1.31224,d,2023
2024-02-01 20:15:00,Manchester United,3.22698,2.27609,w,2023
2024-02-04 14:00:00,Manchester United,0.96721,1.1807,w,2023
2024-02-11 16:30:00,Manchester United,2.44591,2.64675,w,2023
2024-02-18 16:30:00,Manchester United,3.58973,1.57234,w,2023
2024-02-24 15:00:00,Manchester United,1.96036,1.1385,l,2023
2024-03-03 15:30:00,Manchester United,0.153764,2.64173,l,2023
2024-03-09 12:30:00,Manchester United,2.9016,1.8214,w,2023
2024-03-30 20:00:00,Manchester United,0.989565,3.16487,d,2023
2024-04-04 19:15:00,Manchester United,1.56686,3.48048,l,2023
2024-04-07 14:30:00,Manchester United,0.814509,4.43457,d,2023
2024-04-13 16:30:00,Manchester United,1.52274,2.38519,d,2023
2024-04-24 19:00:00,Manchester United,3.51311,1.20517,w,2023
2024-04-27 14:00:00,Manchester United,3.06197,1.89591,d,2023
2024-05-06 19:00:00,Manchester United,0.341417,2.0656,l,2023
2024-05-12 15:30:00,Manchester United,0.551669,1.73104,l,2023
2024-05-15 19:00:00,Manchester United,1.49706,2.27657,w,2023
2024-05-19 15:00:00,Manchester United,1.00404,1.9717,w,2023
2023-08-11 19:00:00,Burnley,0.311032,2.40074,l,2023
2023-08-27 13:00:00,Burnley,0.630605,2.83691,l,2023
2023-09-02 14:00:00,Burnley,1.66604,2.39785,l,2023
2023-09-18 18:45:00,Burnley,0.807651,0.705795,d,2023
2023-09-23 19:00:00,Burnley,0.935444,0.840273,l,2023
2023-09-30 14:00:00,Burnley,0.801849,3.08516,l,2023
2023-10-03 18:30:00,Burnley,0.920206,1.53058,w,2023
2023-10-07 14:00:00,Burnley,0.956642,1.97566,l,2023
2023-10-21 14:00:00,Burnley,0.693129,3.15685,l,2023
2023-10-28 14:00:00,Burnley,0.90255,1.10052,l,2023
2023-11-04 15:00:00,Burnley,1.4998,1.43653,l,2023
2023-11-11 15:00:00,Burnley,0.327706,2.63194,l,2023
2023-11-25 15:00:00,Burnley,1.44228,1.36963,l,2023
2023-12-02 15:00:00,Burnley,2.60469,0.618131,w,2023
2023-12-05 19:30:00,Burnley,0.781542,1.11886,l,2023
2023-12-09 15:00:00,Burnley,1.05162,2.96247,d,2023
2023-12-16 17:30:00,Burnley,0.811435,2.22305,l,2023
2023-12-23 15:00:00,Burnley,0.41714,1.38096,w,2023
2023-12-26 17:30:00,Burnley,0.972389,1.68451,l,2023
2023-12-30 15:00:00,Burnley,1.11923,2.92587,l,2023
2024-01-12 19:45:00,Burnley,1.52023,0.965167,d,2023
2024-01-31 19:30:00,Burnley,1.49114,1.84756,l,2023
2024-02-03 15:00:00,Burnley,1.00428,1.28806,d,2023
2024-02-10 15:00:00,Burnley,1.11123,3.14734,l,2023
2024-02-17 15:00:00,Burnley,0.335143,2.20575,l,2023
2024-02-24 15:00:00,Burnley,0.0760216,2.41612,l,2023
2024-03-03 13:00:00,Burnley,1.60461,1.43616,l,2023
2024-03-10 14:00:00,Burnley,0.88131,1.87414,d,2023
2024-03-16 15:00:00,Burnley,2.69776,1.25123,w,2023
2024-03-30 15:00:00,Burnley,2.10422,4.46643,d,2023
2024-04-02 18:45:00,Burnley,1.12581,1.01021,d,2023
2024-04-06 14:00:00,Burnley,0.34699,0.659844,l,2023
2024-04-13 14:00:00,Burnley,1.8522,0.889445,d,2023
2024-04-20 14:00:00,Burnley,2.42338,1.97816,w,2023
2024-04-27 14:00:00,Burnley,1.89591,3.06197,d,2023
2024-05-04 14:00:00,Burnley,1.28632,4.25643,l,2023
2024-05-11 14:00:00,Burnley,0.950331,3.00238,l,2023
2024-05-19 15:00:00,Burnley,1.08222,1.57962,l,2023
2023-08-12 14:00:00,Brighton,4.36748,1.88594,w,2023
2023-08-19 14:00:00,Brighton,3.15562,2.68821,w,2023
2023-08-26 16:30:00,Brighton,1.3743,2.9527,l,2023
2023-09-02 16:30:00,Brighton,1.32258,0.90476,w,2023
2023-09-16 14:00:00,Brighton,1.93908,0.719951,w,2023
2023-09-24 13:00:00,Brighton,2.14533,1.58984,w,2023
2023-09-30 11:30:00,Brighton,1.72819,1.90746,l,2023
2023-10-08 13:00:00,Brighton,2.23187,2.51029,d,2023
2023-10-21 14:00:00,Brighton,0.963733,0.962509,l,2023
2023-10-29 14:00:00,Brighton,1.31996,0.552523,d,2023
2023-11-04 15:00:00,Brighton,0.442489,0.617607,d,2023
2023-11-12 14:00:00,Brighton,1.08601,0.84434,d,2023
2023-11-25 15:00:00,Brighton,1.21792,2.22655,w,2023
2023-12-03 14:00:00,Brighton,0.855058,1.66304,l,2023
2023-12-06 19:30:00,Brighton,1.54099,1.22007,w,2023
2023-12-09 15:00:00,Brighton,2.96247,1.05162,d,2023
2023-12-17 14:00:00,Brighton,0.663054,2.76976,l,2023
2023-12-21 20:00:00,Brighton,1.33653,1.65409,d,2023
2023-12-28 19:30:00,Brighton,3.84702,2.06955,w,2023
2024-01-02 18:30:00,Brighton,2.1552,0.9831,d,2023
2024-01-22 19:45:00,Brighton,1.3701,1.14116,d,2023
2024-01-30 19:45:00,Brighton,1.01366,3.63312,l,2023
2024-02-03 15:00:00,Brighton,1.92591,0.241137,w,2023
2024-02-10 15:00:00,Brighton,1.49285,2.10928,l,2023
2024-02-18 14:00:00,Brighton,3.35549,0.586214,w,2023
2024-02-24 15:00:00,Brighton,1.6538,0.286655,d,2023
2024-03-02 15:00:00,Brighton,1.15198,1.37604,l,2023
2024-03-10 14:00:00,Brighton,0.534518,0.687034,w,2023
2024-03-31 14:00:00,Brighton,0.43922,3.21149,l,2023
2024-04-03 18:30:00,Brighton,1.22404,0.423299,d,2023
2024-04-06 16:30:00,Brighton,0.428514,4.16518,l,2023
2024-04-13 14:00:00,Brighton,0.889445,1.8522,d,2023
2024-04-25 19:00:00,Brighton,0.572021,1.90507,l,2023
2024-04-28 13:00:00,Brighton,1.35682,2.48132,l,2023
2024-05-05 13:00:00,Brighton,2.63566,0.0644055,w,2023
2024-05-11 14:00:00,Brighton,1.91556,2.45163,d,2023
2024-05-15 18:45:00,Brighton,1.32423,1.544,l,2023
2024-05-19 15:00:00,Brighton,1.9717,1.00404,l,2023
2023-08-12 14:00:00,Fulham,1.58144,2.59001,w,2023
2023-08-19 14:00:00,Fulham,0.399899,3.46888,l,2023
2023-08-26 14:00:00,Fulham,0.849817,3.23088,d,2023
2023-09-02 14:00:00,Fulham,1.46427,2.00152,l,2023
2023-09-16 14:00:00,Fulham,1.75704,1.45705,w,2023
2023-09-23 14:00:00,Fulham,0.542678,0.37236,d,2023
2023-10-02 19:00:00,Fulham,0.889383,1.98461,l,2023
2023-10-07 14:00:00,Fulham,2.26612,0.251809,w,2023
2023-10-23 19:00:00,Fulham,0.745838,1.63523,l,2023
2023-10-29 14:00:00,Fulham,0.552523,1.31996,d,2023
2023-11-04 12:30:00,Fulham,1.18241,0.697095,l,2023
2023-11-12 14:00:00,Fulham,0.648745,2.86039,l,2023
2023-11-27 20:00:00,Fulham,2.49057,1.57875,w,2023
2023-12-03 14:00:00,Fulham,1.51005,2.72831,l,2023
2023-12-06 19:30:00,Fulham,3.09427,0.218659,w,2023
2023-12-10 14:00:00,Fulham,2.1884,0.983,w,2023
2023-12-16 15:00:00,Fulham,0.471042,4.27933,l,2023
2023-12-23 15:00:00,Fulham,1.38096,0.41714,l,2023
2023-12-26 15:00:00,Fulham,0.324365,2.07911,l,2023
2023-12-31 14:00:00,Fulham,1.52829,1.6591,w,2023
2024-01-13 12:30:00,Fulham,0.697847,2.0456,l,2023
2024-01-30 19:45:00,Fulham,2.37499,2.83317,d,2023
2024-02-03 15:00:00,Fulham,1.28806,1.00428,d,2023
2024-02-10 15:00:00,Fulham,1.7456,2.60612,w,2023
2024-02-17 15:00:00,Fulham,1.41796,1.57297,l,2023
2024-02-24 15:00:00,Fulham,1.1385,1.96036,w,2023
2024-03-02 15:00:00,Fulham,1.37604,1.15198,w,2023
2024-03-09 15:00:00,Fulham,2.94155,1.29589,l,2023
2024-03-16 17:30:00,Fulham,2.47234,2.14564,w,2023
2024-03-30 15:00:00,Fulham,1.10254,1.78824,d,2023
2024-04-02 18:30:00,Fulham,1.04304,1.94619,l,2023
2024-04-06 14:00:00,Fulham,0.834564,1.18012,l,2023
2024-04-14 13:00:00,Fulham,3.61413,1.45307,w,2023
2024-04-21 15:30:00,Fulham,0.83885,1.02445,l,2023
2024-04-27 14:00:00,Fulham,1.39418,1.05387,d,2023
2024-05-04 14:00:00,Fulham,1.45579,0.809379,d,2023
2024-05-11 11:30:00,Fulham,0.0886245,3.15218,l,2023
2024-05-19 15:00:00,Fulham,1.11598,2.06743,w,2023
2023-08-14 19:00:00,Wolverhampton Wanderers,1.72228,1.97087,l,2023
2023-08-19 14:00:00,Wolverhampton Wanderers,2.68821,3.15562,l,2023
2023-08-26 14:00:00,Wolverhampton Wanderers,1.40228,1.89792,w,2023
2023-09-03 13:00:00,Wolverhampton Wanderers,1.13911,2.32935,l,2023
2023-09-16 11:30:00,Wolverhampton Wanderers,0.538833,2.82701,l,2023
2023-09-23 14:00:00,Wolverhampton Wanderers,0.762984,2.24101,d,2023
2023-09-30 14:00:00,Wolverhampton Wanderers,0.673985,0.98075,w,2023
2023-10-08 13:00:00,Wolverhampton Wanderers,1.76232,1.81618,d,2023
2023-10-21 14:00:00,Wolverhampton Wanderers,2.30454,1.01839,w,2023
2023-10-28 16:30:00,Wolverhampton Wanderers,0.863393,2.31987,d,2023
2023-11-04 15:00:00,Wolverhampton Wanderers,1.14803,1.10165,l,2023
2023-11-11 12:30:00,Wolverhampton Wanderers,1.90884,0.432315,w,2023
2023-11-27 20:00:00,Wolverhampton Wanderers,1.57875,2.49057,l,2023
2023-12-02 15:00:00,Wolverhampton Wanderers,1.07886,3.30368,l,2023
2023-12-05 19:30:00,Wolverhampton Wanderers,1.11886,0.781542,w,2023
2023-12-09 15:00:00,Wolverhampton Wanderers,1.02199,1.21801,d,2023
2023-12-17 14:00:00,Wolverhampton Wanderers,0.556206,1.03828,l,2023
2023-12-24 13:00:00,Wolverhampton Wanderers,1.74626,1.75447,w,2023
2023-12-27 19:30:00,Wolverhampton Wanderers,1.89483,2.59347,w,2023
2023-12-30 15:00:00,Wolverhampton Wanderers,2.64477,0.519641,w,2023
2024-01-22 19:45:00,Wolverhampton Wanderers,1.14116,1.3701,d,2023
2024-02-01 20:15:00,Wolverhampton Wanderers,2.27609,3.22698,l,2023
2024-02-04 14:00:00,Wolverhampton Wanderers,2.48996,2.35967,w,2023
2024-02-10 15:00:00,Wolverhampton Wanderers,1.05781,1.84908,l,2023
2024-02-17 15:00:00,Wolverhampton Wanderers,1.77591,1.59768,w,2023
2024-02-25 13:30:00,Wolverhampton Wanderers,1.21618,0.654342,w,2023
2024-03-02 15:00:00,Wolverhampton Wanderers,0.507769,3.33495,l,2023
2024-03-09 15:00:00,Wolverhampton Wanderers,1.29589,2.94155,w,2023
2024-03-30 17:30:00,Wolverhampton Wanderers,1.66232,1.28271,l,2023
2024-04-02 18:45:00,Wolverhampton Wanderers,1.01021,1.12581,d,2023
2024-04-06 14:00:00,Wolverhampton Wanderers,1.78341,1.14133,l,2023
2024-04-13 14:00:00,Wolverhampton Wanderers,1.45688,1.76244,d,2023
2024-04-20 18:30:00,Wolverhampton Wanderers,0.164516,1.66179,l,2023
2024-04-24 18:45:00,Wolverhampton Wanderers,0.484454,2.40311,l,2023
2024-04-27 14:00:00,Wolverhampton Wanderers,1.49011,0.90435,w,2023
2024-05-04 16:30:00,Wolverhampton Wanderers,0.396887,4.52542,l,2023
2024-05-11 14:00:00,Wolverhampton Wanderers,1.1561,2.51452,l,2023
2024-05-19 15:00:00,Wolverhampton Wanderers,0.731254,5.65937,l,2023
2023-08-12 14:00:00,Sheffield United,0.422704,2.27616,l,2023
2023-08-18 18:45:00,Sheffield United,0.551038,1.37181,l,2023
2023-08-27 13:00:00,Sheffield United,0.762232,3.84804,l,2023
2023-09-02 11:30:00,Sheffield United,1.575,2.73871,d,2023
2023-09-16 14:00:00,Sheffield United,0.790655,2.15909,l,2023
2023-09-24 15:30:00,Sheffield United,0.579392,5.1082,l,2023
2023-09-30 14:00:00,Sheffield United,0.911997,3.19753,l,2023
2023-10-07 14:00:00,Sheffield United,0.251809,2.26612,l,2023
2023-10-21 19:00:00,Sheffield United,1.41074,1.46187,l,2023
2023-10-28 14:00:00,Sheffield United,0.0281554,3.03496,l,2023
2023-11-04 15:00:00,Sheffield United,1.10165,1.14803,w,2023
2023-11-12 14:00:00,Sheffield United,0.84434,1.08601,d,2023
2023-11-25 15:00:00,Sheffield United,0.816227,3.13975,l,2023
2023-12-02 15:00:00,Sheffield United,0.618131,2.60469,l,2023
2023-12-06 19:30:00,Sheffield United,0.834172,1.80116,l,2023
2023-12-09 15:00:00,Sheffield United,0.841976,0.644638,w,2023
2023-12-16 15:00:00,Sheffield United,0.44014,3.27322,l,2023
2023-12-22 20:00:00,Sheffield United,0.646159,1.21861,d,2023
2023-12-26 15:00:00,Sheffield United,3.61788,0.715575,l,2023
2023-12-30 15:00:00,Sheffield United,0.263211,2.24229,l,2023
2024-01-21 14:00:00,Sheffield United,2.61362,2.4241,d,2023
2024-01-30 20:00:00,Sheffield United,0.768467,1.1601,l,2023
2024-02-03 17:30:00,Sheffield United,1.52784,2.99015,l,2023
2024-02-10 15:00:00,Sheffield United,1.98283,1.76215,w,2023
2024-02-18 14:00:00,Sheffield United,0.586214,3.35549,l,2023
2024-02-25 13:30:00,Sheffield United,0.654342,1.21618,l,2023
2024-03-04 20:00:00,Sheffield United,0.201374,2.47294,l,2023
2024-03-09 15:00:00,Sheffield United,1.91752,3.92657,d,2023
2024-03-30 15:00:00,Sheffield United,1.78824,1.10254,d,2023
2024-04-04 18:30:00,Sheffield United,0.720948,2.51772,l,2023
2024-04-07 16:30:00,Sheffield United,1.74265,0.521789,d,2023
2024-04-13 14:00:00,Sheffield United,0.834498,1.09071,l,2023
2024-04-20 14:00:00,Sheffield United,1.97816,2.42338,l,2023
2024-04-24 19:00:00,Sheffield United,1.20517,3.51311,l,2023
2024-04-27 14:00:00,Sheffield United,1.82408,2.93477,l,2023
2024-05-04 14:00:00,Sheffield United,2.48986,1.93818,l,2023
2024-05-11 14:00:00,Sheffield United,0.465523,1.82411,l,2023
2024-05-19 15:00:00,Sheffield United,0.697312,3.19675,l,2023
2023-08-13 13:00:00,Brentford,1.90756,1.45316,d,2023
2023-08-19 14:00:00,Brentford,3.46888,0.399899,w,2023
2023-08-26 14:00:00,Brentford,0.948011,1.06061,d,2023
2023-09-02 14:00:00,Brentford,3.07185,2.11013,d,2023
2023-09-16 16:30:00,Brentford,0.633678,1.50126,l,2023
2023-09-23 16:30:00,Brentford,1.57402,2.51497,l,2023
2023-10-01 13:00:00,Brentford,1.75862,0.800317,d,2023
2023-10-07 14:00:00,Brentford,1.02509,1.29356,l,2023
2023-10-21 14:00:00,Brentford,3.15685,0.693129,w,2023
2023-10-28 11:30:00,Brentford,2.48137,1.71801,w,2023
2023-11-04 15:00:00,Brentford,1.82944,1.75505,w,2023
2023-11-12 14:00:00,Brentford,1.44954,1.56004,l,2023
2023-11-25 17:30:00,Brentford,1.66315,1.82699,l,2023
2023-12-02 15:00:00,Brentford,3.25952,0.227176,w,2023
2023-12-06 19:30:00,Brentford,1.22007,1.54099,l,2023
2023-12-09 15:00:00,Brentford,0.644638,0.841976,l,2023
2023-12-17 14:00:00,Brentford,0.796812,1.4664,l,2023
2023-12-27 19:30:00,Brentford,2.59347,1.89483,l,2023
2023-12-30 15:00:00,Brentford,1.28731,1.61057,l,2023
2024-01-20 17:30:00,Brentford,1.94219,1.22251,w,2023
2024-01-31 19:30:00,Brentford,1.59637,3.36194,l,2023
2024-02-05 20:00:00,Brentford,0.865741,2.10785,l,2023
2024-02-10 15:00:00,Brentford,1.84908,1.05781,w,2023
2024-02-17 12:30:00,Brentford,1.69518,3.08952,l,2023
2024-02-20 18:30:00,Brentford,0.503799,2.53766,l,2023
2024-02-26 20:00:00,Brentford,1.33683,2.06873,l,2023
2024-03-02 15:00:00,Brentford,2.4732,2.1523,d,2023
2024-03-09 17:30:00,Brentford,0.733239,1.59369,l,2023
2024-03-16 15:00:00,Brentford,1.25123,2.69776,l,2023
2024-03-30 20:00:00,Brentford,3.16487,0.989565,d,2023
2024-04-03 18:30:00,Brentford,0.423299,1.22404,d,2023
2024-04-06 14:00:00,Brentford,1.42064,1.16333,d,2023
2024-04-13 14:00:00,Brentford,1.09071,0.834498,w,2023
2024-04-20 14:00:00,Brentford,3.7809,0.497799,w,2023
2024-04-27 16:30:00,Brentford,0.956356,1.21399,l,2023
2024-05-04 14:00:00,Brentford,0.809379,1.45579,d,2023
2024-05-11 14:00:00,Brentford,1.92722,1.07237,w,2023
2024-05-19 15:00:00,Brentford,1.70157,3.65044,l,2023
2023-08-12 11:30:00,Nottingham Forest,0.966305,0.84262,l,2023
2023-08-18 18:45:00,Nottingham Forest,1.37181,0.551038,w,2023
2023-08-26 14:00:00,Nottingham Forest,0.960354,3.02803,l,2023
2023-09-02 14:00:00,Nottingham Forest,1.1505,2.28442,w,2023
2023-09-18 18:45:00,Nottingham Forest,0.705795,0.807651,d,2023
2023-09-23 14:00:00,Nottingham Forest,0.729109,1.33984,l,2023
2023-10-01 13:00:00,Nottingham Forest,0.800317,1.75862,d,2023
2023-10-07 16:30:00,Nottingham Forest,1.22105,0.982452,d,2023
2023-10-21 14:00:00,Nottingham Forest,3.27549,1.49555,d,2023
2023-10-29 14:00:00,Nottingham Forest,0.642014,2.70428,l,2023
2023-11-05 14:00:00,Nottingham Forest,0.592447,1.33116,w,2023
2023-11-12 14:00:00,Nottingham Forest,1.42128,2.06402,l,2023
2023-11-25 15:00:00,Nottingham Forest,2.22655,1.21792,l,2023
2023-12-02 17:30:00,Nottingham Forest,0.673085,0.623789,l,2023
2023-12-06 19:30:00,Nottingham Forest,0.218659,3.09427,l,2023
2023-12-09 15:00:00,Nottingham Forest,1.21801,1.02199,d,2023
2023-12-15 20:00:00,Nottingham Forest,1.70569,1.60738,l,2023
2023-12-23 15:00:00,Nottingham Forest,0.791806,1.89067,l,2023
2023-12-26 12:30:00,Nottingham Forest,3.1074,2.79106,w,2023
2023-12-30 17:30:00,Nottingham Forest,0.744348,0.651905,w,2023
2024-01-20 17:30:00,Nottingham Forest,1.22251,1.94219,l,2023
2024-01-30 19:30:00,Nottingham Forest,0.631618,1.39143,l,2023
2024-02-04 14:00:00,Nottingham Forest,0.456548,1.1895,d,2023
2024-02-10 17:30:00,Nottingham Forest,0.968075,0.511375,l,2023
2024-02-17 15:00:00,Nottingham Forest,2.66942,0.520016,w,2023
2024-02-24 15:00:00,Nottingham Forest,2.25569,3.48861,l,2023
2024-03-02 15:00:00,Nottingham Forest,0.971466,1.32259,l,2023
2024-03-10 14:00:00,Nottingham Forest,0.687034,0.534518,l,2023
2024-03-16 15:00:00,Nottingham Forest,1.95268,0.853782,d,2023
2024-03-30 15:00:00,Nottingham Forest,0.784652,0.900972,d,2023
2024-04-02 18:30:00,Nottingham Forest,1.94619,1.04304,w,2023
2024-04-07 19:00:00,Nottingham Forest,2.00122,1.61978,l,2023
2024-04-13 14:00:00,Nottingham Forest,1.76244,1.45688,d,2023
2024-04-21 12:30:00,Nottingham Forest,1.18916,0.473233,l,2023
2024-04-28 15:30:00,Nottingham Forest,2.17312,0.932063,l,2023
2024-05-04 14:00:00,Nottingham Forest,1.93818,2.48986,w,2023
2024-05-11 16:30:00,Nottingham Forest,2.44569,2.41068,l,2023
2024-05-19 15:00:00,Nottingham Forest,1.57962,1.08222,w,2023
2023-08-12 14:00:00,Luton,1.88594,4.36748,l,2023
2023-08-25 19:00:00,Luton,0.465741,3.41419,l,2023
2023-09-01 19:00:00,Luton,2.02244,1.22528,l,2023
2023-09-16 14:00:00,Luton,1.45705,1.75704,l,2023
2023-09-23 14:00:00,Luton,2.24101,0.762984,d,2023
2023-09-30 14:00:00,Luton,1.5102,3.65377,w,2023
2023-10-03 18:30:00,Luton,1.53058,0.920206,l,2023
2023-10-07 11:30:00,Luton,0.848118,2.37947,l,2023
2023-10-21 14:00:00,Luton,1.49555,3.27549,d,2023
2023-10-29 14:00:00,Luton,0.453117,3.07654,l,2023
2023-11-05 16:30:00,Luton,1.3411,3.03925,d,2023
2023-11-11 15:00:00,Luton,0.408265,2.74105,l,2023
2023-11-25 15:00:00,Luton,0.996153,1.83546,w,2023
2023-12-02 15:00:00,Luton,0.227176,3.25952,l,2023
2023-12-05 20:15:00,Luton,0.526254,2.58815,l,2023
2023-12-10 14:00:00,Luton,0.689037,2.23353,l,2023
2023-12-23 15:00:00,Luton,1.81844,1.41488,w,2023
2023-12-26 15:00:00,Luton,0.715575,3.61788,w,2023
2023-12-30 12:30:00,Luton,2.64093,1.57463,l,2023
2024-01-12 19:45:00,Luton,0.965167,1.52023,d,2023
2024-01-30 19:45:00,Luton,3.63312,1.01366,w,2023
2024-02-03 15:00:00,Luton,2.67463,2.37353,d,2023
2024-02-10 15:00:00,Luton,1.76215,1.98283,l,2023
2024-02-18 16:30:00,Luton,1.57234,3.58973,l,2023
2024-02-21 15:00:00,Luton,0.956512,3.70302,l,2023
2024-03-02 17:30:00,Luton,2.43312,2.08586,l,2023
2024-03-09 15:00:00,Luton,1.08531,3.25103,d,2023
2024-03-13 19:30:00,Luton,2.79419,2.84403,l,2023
2024-03-16 15:00:00,Luton,0.853782,1.95268,d,2023
2024-03-30 15:00:00,Luton,0.402402,2.46523,l,2023
2024-04-03 18:30:00,Luton,0.292082,1.14384,l,2023
2024-04-06 14:00:00,Luton,1.30478,0.616108,w,2023
2024-04-13 14:00:00,Luton,0.809775,4.64245,l,2023
2024-04-20 14:00:00,Luton,0.497799,3.7809,l,2023
2024-04-27 14:00:00,Luton,0.90435,1.49011,l,2023
2024-05-03 19:00:00,Luton,0.950391,1.22959,d,2023
2024-05-11 14:00:00,Luton,0.640456,3.71009,l,2023
2024-05-19 15:00:00,Luton,2.06743,1.11598,l,2023
2024-08-17 16:30:00,Aston Villa,2.6703,2.8047,w,2024
2024-08-24 16:30:00,Aston Villa,1.31664,1.41399,l,2024
2024-08-31 14:00:00,Aston Villa,2.16385,0.774741,w,2024
2024-09-14 16:30:00,Aston Villa,3.15876,0.852158,w,2024
2024-09-21 14:00:00,Aston Villa,2.37351,0.520117,w,2024
2024-09-29 13:00:00,Aston Villa,1.14494,1.84608,d,2024
2024-10-06 13:00:00,Aston Villa,0.532809,0.448537,d,2024
2024-10-19 14:00:00,Aston Villa,1.43595,2.63074,w,2024
2024-10-26 14:00:00,Aston Villa,1.974,0.328651,d,2024
2024-11-03 14:00:00,Aston Villa,2.48749,2.09751,l,2024
2024-11-09 20:00:00,Aston Villa,1.66337,2.68196,l,2024
2024-11-23 15:00:00,Aston Villa,3.04455,1.61437,d,2024
2024-12-01 13:30:00,Aston Villa,0.875443,1.94939,l,2024
2024-12-04 20:15:00,Aston Villa,3.21673,1.13266,w,2024
2024-12-07 15:00:00,Aston Villa,2.51338,0.385832,w,2024
2024-12-14 17:30:00,Aston Villa,0.389423,2.2861,l,2024
2024-12-21 12:30:00,Aston Villa,2.05988,1.09627,w,2024
2024-12-26 15:00:00,Aston Villa,0.225522,2.82867,l,2024
2024-12-30 19:45:00,Aston Villa,1.87997,0.938042,d,2024
2025-01-04 15:00:00,Aston Villa,2.3456,0.81548,w,2024
2025-01-15 19:30:00,Aston Villa,1.28522,1.23126,w,2024
2025-01-18 17:30:00,Aston Villa,1.20602,1.64458,d,2024
2025-01-26 16:30:00,Aston Villa,0.907851,1.67886,d,2024
2025-02-01 17:30:00,Aston Villa,0.742809,2.00146,l,2024
2025-02-15 15:00:00,Aston Villa,2.89841,0.332864,d,2024
2025-02-19 15:00:00,Aston Villa,1.02269,2.04279,d,2024
2025-02-22 17:30:00,Aston Villa,2.69413,2.17418,w,2024
2025-02-25 19:30:00,Aston Villa,0.667217,4.02522,l,2024
2025-03-08 17:30:00,Aston Villa,1.29638,0.637743,w,2024
2025-04-02 19:45:00,Aston Villa,1.20715,0.558009,w,2024
2025-04-05 16:30:00,Aston Villa,2.63349,0.96769,w,2024
2025-04-12 14:00:00,Aston Villa,2.99927,0.412256,w,2024
2025-04-19 16:30:00,Aston Villa,3.05371,1.27176,w,2024
2025-04-22 19:00:00,Aston Villa,1.85906,1.36232,l,2024
2025-05-03 11:30:00,Aston Villa,1.29013,0.702787,w,2024
2025-05-10 16:30:00,Aston Villa,1.12376,1.02272,w,2024
2025-05-16 18:30:00,Aston Villa,1.69061,0.523016,w,2024
2025-05-25 15:00:00,Aston Villa,0.335222,2.96259,l,2024
2024-08-17 14:00:00,Everton,0.405325,1.79083,l,2024
2024-08-24 14:00:00,Everton,0.648869,2.61143,l,2024
2024-08-31 14:00:00,Everton,2.55629,2.95688,l,2024
2024-09-14 16:30:00,Everton,0.852158,3.15876,l,2024
2024-09-21 14:00:00,Everton,1.82377,1.33793,d,2024
2024-09-28 14:00:00,Everton,1.10959,1.12358,w,2024
2024-10-05 16:30:00,Everton,0.692214,1.79048,d,2024
2024-10-19 14:00:00,Everton,1.60804,1.174,w,2024
2024-10-26 16:30:00,Everton,0.884845,1.49531,d,2024
2024-11-02 15:00:00,Everton,1.78581,0.540345,l,2024
2024-11-09 15:00:00,Everton,0.865983,1.1237,d,2024
2024-11-23 15:00:00,Everton,1.5951,1.34314,d,2024
2024-12-01 13:30:00,Everton,0.766749,1.76161,l,2024
2024-12-04 19:30:00,Everton,1.49904,0.847724,w,2024
2024-12-14 15:00:00,Everton,0.132166,1.30865,d,2024
2024-12-22 14:00:00,Everton,1.07081,1.51591,d,2024
2024-12-26 12:30:00,Everton,0.653289,2.51965,d,2024
2024-12-29 15:00:00,Everton,0.615191,2.02753,l,2024
2025-01-04 15:00:00,Everton,0.561015,2.61852,l,2024
2025-01-15 19:30:00,Everton,1.23126,1.28522,l,2024
2025-01-19 14:00:00,Everton,2.56089,1.35719,w,2024
2025-01-25 15:00:00,Everton,0.870883,0.64378,w,2024
2025-02-01 15:00:00,Everton,3.11261,0.447136,w,2024
2025-02-12 19:30:00,Everton,0.910523,0.929103,d,2024
2025-02-15 17:30:00,Everton,1.01565,2.30646,w,2024
2025-02-22 12:30:00,Everton,2.10444,0.645685,d,2024
2025-02-26 19:30:00,Everton,1.44955,1.34009,d,2024
2025-03-08 20:00:00,Everton,1.3672,0.812432,d,2024
2025-03-15 15:00:00,Everton,1.189,0.516029,d,2024
2025-04-02 20:00:00,Everton,0.823136,1.29718,l,2024
2025-04-05 11:30:00,Everton,1.22875,1.4031,d,2024
2025-04-12 14:00:00,Everton,1.26036,0.423949,w,2024
2025-04-19 14:00:00,Everton,0.81683,1.87989,l,2024
2025-04-26 11:30:00,Everton,0.916838,0.768313,l,2024
2025-05-03 14:00:00,Everton,0.808481,1.14351,d,2024
2025-05-10 14:00:00,Everton,1.32604,1.20869,w,2024
2025-05-18 11:00:00,Everton,2.67793,1.05025,w,2024
2025-05-25 15:00:00,Everton,1.07279,1.1591,w,2024
2024-08-17 14:00:00,Bournemouth,1.90915,1.24405,d,2024
2024-08-25 13:00:00,Bournemouth,2.53513,1.89287,d,2024
2024-08-31 14:00:00,Bournemouth,2.95688,2.55629,w,2024
2024-09-14 19:00:00,Bournemouth,1.53731,0.932726,l,2024
2024-09-21 14:00:00,Bournemouth,1.46979,2.43731,l,2024
2024-09-30 19:00:00,Bournemouth,1.44215,0.696068,w,2024
2024-10-05 14:00:00,Bournemouth,1.94963,0.912063,l,2024
2024-10-19 16:30:00,Bournemouth,2.18419,0.740758,w,2024
2024-10-26 14:00:00,Bournemouth,0.328651,1.974,d,2024
2024-11-02 15:00:00,Bournemouth,2.4493,2.3527,w,2024
2024-11-09 15:00:00,Bournemouth,2.49234,1.56474,l,2024
2024-11-23 15:00:00,Bournemouth,1.91157,1.23059,l,2024
2024-11-30 15:00:00,Bournemouth,3.07901,0.866034,w,2024
2024-12-05 20:15:00,Bournemouth,3.27716,0.623934,w,2024
2024-12-08 14:00:00,Bournemouth,3.49127,1.5668,w,2024
2024-12-16 20:00:00,Bournemouth,2.04842,1.81827,d,2024
2024-12-22 14:00:00,Bournemouth,1.82831,2.28533,w,2024
2024-12-26 15:00:00,Bournemouth,1.20189,0.500066,d,2024
2024-12-29 15:00:00,Bournemouth,1.70692,0.961566,d,2024
2025-01-04 15:00:00,Bournemouth,2.61852,0.561015,w,2024
2025-01-14 19:30:00,Bournemouth,1.14845,2.53808,d,2024
2025-01-18 12:30:00,Bournemouth,2.70174,0.837801,w,2024
2025-01-25 15:00:00,Bournemouth,2.8254,0.996166,w,2024
2025-02-01 15:00:00,Bournemouth,1.65273,2.7219,l,2024
2025-02-15 15:00:00,Bournemouth,2.08722,0.974418,w,2024
2025-02-22 15:00:00,Bournemouth,0.629691,2.10124,l,2024
2025-02-25 19:30:00,Bournemouth,1.70169,2.57927,l,2024
2025-03-09 14:00:00,Bournemouth,2.22536,1.35053,d,2024
2025-03-15 17:30:00,Bournemouth,2.02714,1.60321,l,2024
2025-04-02 19:45:00,Bournemouth,1.99637,1.41263,l,2024
2025-04-05 14:00:00,Bournemouth,1.94869,0.907832,d,2024
2025-04-14 19:00:00,Bournemouth,1.8577,1.07203,w,2024
2025-04-19 14:00:00,Bournemouth,0.664093,0.337818,d,2024
2025-04-27 13:00:00,Bournemouth,0.60995,1.91039,d,2024
2025-05-03 16:30:00,Bournemouth,1.41783,2.05484,w,2024
2025-05-10 16:30:00,Bournemouth,1.02272,1.12376,l,2024
2025-05-20 19:00:00,Bournemouth,0.962014,1.59779,l,2024
2025-05-25 15:00:00,Bournemouth,2.72449,0.156702,w,2024
2024-08-17 14:00:00,Southampton,1.95483,0.433489,l,2024
2024-08-24 14:00:00,Southampton,0.214952,2.86475,l,2024
2024-08-31 14:00:00,Southampton,1.64713,3.86281,l,2024
2024-09-14 11:30:00,Southampton,1.35593,3.02693,l,2024
2024-09-21 14:00:00,Southampton,2.89813,1.645,d,2024
2024-09-30 19:00:00,Southampton,0.696068,1.44215,l,2024
2024-10-05 14:00:00,Southampton,1.27313,3.25165,l,2024
2024-10-19 14:00:00,Southampton,2.42776,2.83826,l,2024
2024-10-26 14:00:00,Southampton,0.369989,3.16286,l,2024
2024-11-02 15:00:00,Southampton,0.540345,1.78581,w,2024
2024-11-09 15:00:00,Southampton,0.792655,0.912781,l,2024
2024-11-24 14:00:00,Southampton,1.53985,3.18835,l,2024
2024-11-29 20:00:00,Southampton,0.934969,1.86986,d,2024
2024-12-04 19:30:00,Southampton,1.91014,5.8331,l,2024
2024-12-07 15:00:00,Southampton,0.385832,2.51338,l,2024
2024-12-15 19:00:00,Southampton,1.27356,3.89322,l,2024
2024-12-22 14:00:00,Southampton,0.280031,1.25255,d,2024
2024-12-26 15:00:00,Southampton,2.19833,1.90111,l,2024
2024-12-29 15:00:00,Southampton,1.21853,3.05417,l,2024
2025-01-04 15:00:00,Southampton,0.249614,5.54874,l,2024
2025-01-16 20:00:00,Southampton,1.36705,3.10847,l,2024
2025-01-19 14:00:00,Southampton,1.25922,2.36419,l,2024
2025-01-25 15:00:00,Southampton,0.825621,3.08319,l,2024
2025-02-01 15:00:00,Southampton,1.17566,1.94845,w,2024
2025-02-15 15:00:00,Southampton,0.974418,2.08722,l,2024
2025-02-22 15:00:00,Southampton,0.154147,5.12018,l,2024
2025-02-25 20:15:00,Southampton,0.845039,2.98234,l,2024
2025-03-08 15:00:00,Southampton,0.511566,4.98996,l,2024
2025-03-15 15:00:00,Southampton,1.2821,0.540718,l,2024
2025-04-02 19:45:00,Southampton,0.687304,0.93776,d,2024
2025-04-06 13:00:00,Southampton,0.780439,2.648,l,2024
2025-04-12 14:00:00,Southampton,0.412256,2.99927,l,2024
2025-04-19 14:00:00,Southampton,0.922877,0.98423,d,2024
2025-04-26 14:00:00,Southampton,0.935581,1.9956,l,2024
2025-05-03 14:00:00,Southampton,0.550774,1.60739,l,2024
2025-05-10 14:00:00,Southampton,0.136995,1.58463,d,2024
2025-05-18 11:00:00,Southampton,1.05025,2.67793,l,2024
2025-05-25 15:00:00,Southampton,0.598144,2.40711,l,2024
2024-08-19 19:00:00,Leicester,1.02614,1.40775,d,2024
2024-08-24 14:00:00,Leicester,0.857005,1.96218,l,2024
2024-08-31 14:00:00,Leicester,0.774741,2.16385,l,2024
2024-09-14 14:00:00,Leicester,1.65187,2.88716,d,2024
2024-09-21 14:00:00,Leicester,1.33793,1.82377,d,2024
2024-09-28 14:00:00,Leicester,0.337909,6.05305,l,2024
2024-10-05 14:00:00,Leicester,0.912063,1.94963,w,2024
2024-10-19 14:00:00,Leicester,2.83826,2.42776,w,2024
2024-10-25 19:00:00,Leicester,0.832415,2.54488,l,2024
2024-11-02 15:00:00,Leicester,2.33858,1.33617,d,2024
2024-11-10 14:00:00,Leicester,0.417295,1.2369,l,2024
2024-11-23 12:30:00,Leicester,0.967987,2.81658,l,2024
2024-11-30 15:00:00,Leicester,0.907555,2.21885,l,2024
2024-12-03 20:15:00,Leicester,2.78061,2.87716,w,2024
2024-12-08 14:00:00,Leicester,1.42438,1.12184,d,2024
2024-12-14 15:00:00,Leicester,0.186759,3.95461,l,2024
2024-12-22 14:00:00,Leicester,0.78868,1.13531,l,2024
2024-12-26 20:00:00,Leicester,0.22097,1.89935,l,2024
2024-12-29 14:30:00,Leicester,1.84208,1.58002,l,2024
2025-01-04 15:00:00,Leicester,0.81548,2.3456,l,2024
2025-01-15 19:30:00,Leicester,2.09904,2.2647,l,2024
2025-01-18 15:00:00,Leicester,0.676934,2.36823,l,2024
2025-01-26 14:00:00,Leicester,1.40469,1.27483,w,2024
2025-02-01 15:00:00,Leicester,0.447136,3.11261,l,2024
2025-02-15 12:30:00,Leicester,0.233209,1.75,l,2024
2025-02-21 20:00:00,Leicester,0.727901,2.03465,l,2024
2025-02-27 20:00:00,Leicester,0.289578,1.70437,l,2024
2025-03-09 14:00:00,Leicester,0.108487,1.76844,l,2024
2025-03-16 19:00:00,Leicester,1.30455,1.13892,l,2024
2025-04-02 19:45:00,Leicester,0.104741,2.07165,l,2024
2025-04-07 19:00:00,Leicester,0.354575,3.44111,l,2024
2025-04-12 14:00:00,Leicester,1.98444,3.6978,d,2024
2025-04-20 15:30:00,Leicester,0.232205,4.52706,l,2024
2025-04-26 14:00:00,Leicester,1.04978,2.57666,l,2024
2025-05-03 14:00:00,Leicester,1.60739,0.550774,w,2024
2025-05-11 13:15:00,Leicester,1.22949,1.76909,d,2024
2025-05-18 14:00:00,Leicester,0.788544,1.36957,w,2024
2025-05-25 15:00:00,Leicester,0.156702,2.72449,l,2024
2024-08-18 13:00:00,Crystal Palace,1.14757,1.38064,l,2024
2024-08-24 14:00:00,Crystal Palace,1.3761,1.53421,l,2024
2024-09-01 12:30:00,Crystal Palace,0.459708,2.97743,d,2024
2024-09-14 14:00:00,Crystal Palace,2.88716,1.65187,d,2024
2024-09-21 16:30:00,Crystal Palace,1.66928,2.35056,d,2024
2024-09-28 14:00:00,Crystal Palace,1.12358,1.10959,l,2024
2024-10-05 11:30:00,Crystal Palace,0.609481,2.07332,l,2024
2024-10-21 19:00:00,Crystal Palace,0.835001,1.88573,l,2024
2024-10-27 14:00:00,Crystal Palace,0.978611,1.0192,w,2024
2024-11-02 17:30:00,Crystal Palace,2.64849,1.65018,d,2024
2024-11-09 15:00:00,Crystal Palace,1.96037,2.25331,l,2024
2024-11-23 15:00:00,Crystal Palace,1.61437,3.04455,d,2024
2024-11-30 15:00:00,Crystal Palace,2.29595,0.020989,d,2024
2024-12-03 19:30:00,Crystal Palace,1.65422,0.471708,w,2024
2024-12-07 15:00:00,Crystal Palace,1.21476,1.5846,d,2024
2024-12-15 14:00:00,Crystal Palace,3.00618,1.32323,w,2024
2024-12-21 17:30:00,Crystal Palace,1.6052,3.05434,l,2024
2024-12-26 15:00:00,Crystal Palace,0.500066,1.20189,d,2024
2024-12-29 15:00:00,Crystal Palace,3.05417,1.21853,w,2024
2025-01-04 15:00:00,Crystal Palace,1.2766,1.51541,d,2024
2025-01-15 19:30:00,Crystal Palace,2.2647,2.09904,w,2024
2025-01-18 15:00:00,Crystal Palace,1.62561,0.221062,w,2024
2025-01-26 14:00:00,Crystal Palace,1.23177,1.92037,l,2024
2025-02-02 14:00:00,Crystal Palace,2.44633,1.50706,w,2024
2025-02-15 17:30:00,Crystal Palace,2.30646,1.01565,l,2024
2025-02-22 15:00:00,Crystal Palace,1.46203,0.23426,w,2024
2025-02-25 19:30:00,Crystal Palace,4.02522,0.667217,w,2024
2025-03-08 15:00:00,Crystal Palace,3.13879,1.63282,w,2024
2025-04-02 19:45:00,Crystal Palace,0.93776,0.687304,d,2024
2025-04-05 14:00:00,Crystal Palace,0.443965,1.27226,w,2024
2025-04-12 11:30:00,Crystal Palace,1.33808,4.59724,l,2024
2025-04-16 18:30:00,Crystal Palace,2.37548,2.32947,l,2024
2025-04-19 14:00:00,Crystal Palace,0.337818,0.664093,d,2024
2025-04-23 19:00:00,Crystal Palace,2.50515,1.92149,d,2024
2025-05-05 19:00:00,Crystal Palace,2.34037,0.63684,d,2024
2025-05-11 13:15:00,Crystal Palace,3.98546,0.806792,w,2024
2025-05-20 19:00:00,Crystal Palace,1.68451,1.42886,w,2024
2025-05-25 15:00:00,Crystal Palace,1.4144,1.92122,d,2024
2024-08-18 15:30:00,Chelsea,1.06123,1.18038,l,2024
2024-08-25 13:00:00,Chelsea,2.02935,2.4181,w,2024
2024-09-01 12:30:00,Chelsea,2.97743,0.459708,d,2024
2024-09-14 19:00:00,Chelsea,0.932726,1.53731,w,2024
2024-09-21 11:30:00,Chelsea,2.39727,0.758267,w,2024
2024-09-28 14:00:00,Chelsea,3.65839,1.20712,w,2024
2024-10-06 13:00:00,Chelsea,2.27752,1.66654,d,2024
2024-10-20 15:30:00,Chelsea,1.33904,2.22517,l,2024
2024-10-27 14:00:00,Chelsea,1.61794,1.74225,w,2024
2024-11-03 16:30:00,Chelsea,1.21071,2.1605,d,2024
2024-11-10 16:30:00,Chelsea,1.24067,1.9605,d,2024
2024-11-23 12:30:00,Chelsea,2.81658,0.967987,w,2024
2024-12-01 13:30:00,Chelsea,1.94939,0.875443,w,2024
2024-12-04 19:30:00,Chelsea,5.8331,1.91014,w,2024
2024-12-08 16:30:00,Chelsea,2.57326,3.25488,w,2024
2024-12-15 19:00:00,Chelsea,2.59146,1.65861,w,2024
2024-12-22 14:00:00,Chelsea,1.51591,1.07081,d,2024
2024-12-26 15:00:00,Chelsea,1.55626,1.77929,l,2024
2024-12-30 19:45:00,Chelsea,1.60622,1.50093,l,2024
2025-01-04 15:00:00,Chelsea,1.51541,1.2766,d,2024
2025-01-14 19:30:00,Chelsea,2.53808,1.14845,d,2024
2025-01-20 20:00:00,Chelsea,3.14882,1.06726,w,2024
2025-01-25 17:30:00,Chelsea,1.49843,2.23213,l,2024
2025-02-03 20:00:00,Chelsea,1.39066,1.1868,w,2024
2025-02-14 20:00:00,Chelsea,0.649788,2.06892,l,2024
2025-02-22 17:30:00,Chelsea,2.17418,2.69413,l,2024
2025-02-25 20:15:00,Chelsea,2.98234,0.845039,w,2024
2025-03-09 14:00:00,Chelsea,1.76844,0.108487,w,2024
2025-03-16 13:30:00,Chelsea,0.286036,0.695725,l,2024
2025-04-03 19:00:00,Chelsea,1.30443,1.40274,w,2024
2025-04-06 13:00:00,Chelsea,1.47829,1.36123,d,2024
2025-04-13 13:00:00,Chelsea,2.90758,1.60301,d,2024
2025-04-20 13:00:00,Chelsea,0.75172,0.306122,w,2024
2025-04-26 11:30:00,Chelsea,0.768313,0.916838,w,2024
2025-05-04 15:30:00,Chelsea,3.51944,1.4267,w,2024
2025-05-11 11:00:00,Chelsea,0.646426,1.6703,l,2024
2025-05-16 19:15:00,Chelsea,1.29571,0.337632,w,2024
2025-05-25 15:00:00,Chelsea,1.30874,1.58014,w,2024
2024-08-17 16:30:00,West Ham,2.8047,2.6703,l,2024
2024-08-24 14:00:00,West Ham,1.53421,1.3761,w,2024
2024-08-31 16:30:00,West Ham,0.947201,3.19297,l,2024
2024-09-14 14:00:00,West Ham,0.682719,2.88601,d,2024
2024-09-21 11:30:00,West Ham,0.758267,2.39727,l,2024
2024-09-28 14:00:00,West Ham,0.878617,0.370222,d,2024
2024-10-05 14:00:00,West Ham,4.39402,1.18463,w,2024
2024-10-19 11:30:00,West Ham,0.858803,1.44052,l,2024
2024-10-27 14:00:00,West Ham,2.99312,2.62598,w,2024
2024-11-02 15:00:00,West Ham,0.132317,2.35011,l,2024
2024-11-09 15:00:00,West Ham,1.1237,0.865983,d,2024
2024-11-25 20:00:00,West Ham,0.942824,1.49781,w,2024
2024-11-30 17:30:00,West Ham,1.23539,3.99935,l,2024
2024-12-03 20:15:00,West Ham,2.87716,2.78061,l,2024
2024-12-09 20:00:00,West Ham,1.19808,1.47567,w,2024
2024-12-16 20:00:00,West Ham,1.81827,2.04842,d,2024
2024-12-21 15:00:00,West Ham,1.22937,1.34379,d,2024
2024-12-26 15:00:00,West Ham,1.90111,2.19833,w,2024
2024-12-29 17:15:00,West Ham,0.518279,3.29868,l,2024
2025-01-04 15:00:00,West Ham,1.53286,1.97986,l,2024
2025-01-14 19:30:00,West Ham,0.937322,2.83581,w,2024
2025-01-18 15:00:00,West Ham,0.221062,1.62561,l,2024
2025-01-26 16:30:00,West Ham,1.67886,0.907851,d,2024
2025-02-03 20:00:00,West Ham,1.1868,1.39066,l,2024
2025-02-15 15:00:00,West Ham,0.673466,1.96499,l,2024
2025-02-22 15:00:00,West Ham,1.02684,1.37264,w,2024
2025-02-27 20:00:00,West Ham,1.70437,0.289578,w,2024
2025-03-10 20:00:00,West Ham,0.823986,1.62976,l,2024
2025-03-15 15:00:00,West Ham,0.516029,1.189,d,2024
2025-04-01 19:45:00,West Ham,1.73057,1.10359,l,2024
2025-04-05 14:00:00,West Ham,0.907832,1.94869,d,2024
2025-04-13 13:00:00,West Ham,1.46598,1.42902,l,2024
2025-04-19 14:00:00,West Ham,0.98423,0.922877,d,2024
2025-04-26 14:00:00,West Ham,1.24134,1.29433,l,2024
2025-05-04 13:00:00,West Ham,1.15166,0.847022,d,2024
2025-05-11 13:15:00,West Ham,2.15985,2.31287,w,2024
2025-05-18 13:15:00,West Ham,0.850457,2.14756,l,2024
2025-05-25 15:00:00,West Ham,0.967379,0.893095,w,2024
2024-08-19 19:00:00,Tottenham,1.40775,1.02614,d,2024
2024-08-24 14:00:00,Tottenham,2.61143,0.648869,w,2024
2024-09-01 12:30:00,Tottenham,1.63304,1.58694,l,2024
2024-09-15 13:00:00,Tottenham,0.792595,1.1209,l,2024
2024-09-21 14:00:00,Tottenham,3.89481,0.893565,w,2024
2024-09-29 15:30:00,Tottenham,5.4072,0.600721,w,2024
2024-10-06 15:30:00,Tottenham,1.09279,1.97217,l,2024
2024-10-19 11:30:00,Tottenham,1.44052,0.858803,w,2024
2024-10-27 14:00:00,Tottenham,1.0192,0.978611,l,2024
2024-11-03 14:00:00,Tottenham,2.09751,2.48749,w,2024
2024-11-10 14:00:00,Tottenham,1.75088,2.18392,l,2024
2024-11-23 17:30:00,Tottenham,3.30449,2.15899,w,2024
2024-12-01 13:30:00,Tottenham,1.01086,1.57274,d,2024
2024-12-05 20:15:00,Tottenham,0.623934,3.27716,l,2024
2024-12-08 16:30:00,Tottenham,3.25488,2.57326,l,2024
2024-12-15 19:00:00,Tottenham,3.89322,1.27356,w,2024
2024-12-22 16:30:00,Tottenham,1.20245,5.20214,l,2024
2024-12-26 15:00:00,Tottenham,1.05758,1.30018,l,2024
2024-12-29 15:00:00,Tottenham,2.28433,0.640697,d,2024
2025-01-04 12:30:00,Tottenham,1.00333,2.42963,l,2024
2025-01-15 20:00:00,Tottenham,0.777071,2.25501,l,2024
2025-01-19 14:00:00,Tottenham,1.35719,2.56089,l,2024
2025-01-26 14:00:00,Tottenham,1.27483,1.40469,l,2024
2025-02-02 14:00:00,Tottenham,0.945355,1.66475,w,2024
2025-02-16 16:30:00,Tottenham,1.97109,1.42652,w,2024
2025-02-22 15:00:00,Tottenham,1.58741,1.15389,w,2024
2025-02-26 19:30:00,Tottenham,1.28426,2.38641,l,2024
2025-03-09 14:00:00,Tottenham,1.35053,2.22536,d,2024
2025-03-16 13:30:00,Tottenham,1.40865,1.03966,l,2024
2025-04-03 19:00:00,Tottenham,1.40274,1.30443,l,2024
2025-04-06 13:00:00,Tottenham,2.648,0.780439,w,2024
2025-04-13 13:00:00,Tottenham,1.62887,2.22977,l,2024
2025-04-21 19:00:00,Tottenham,2.4024,0.557682,l,2024
2025-04-27 15:30:00,Tottenham,0.512812,2.51104,l,2024
2025-05-04 13:00:00,Tottenham,0.847022,1.15166,d,2024
2025-05-11 13:15:00,Tottenham,0.806792,3.98546,l,2024
2025-05-16 18:30:00,Tottenham,0.523016,1.69061,l,2024
2025-05-25 15:00:00,Tottenham,1.85265,3.11624,l,2024
2024-08-17 14:00:00,Arsenal,1.6283,0.575835,w,2024
2024-08-24 16:30:00,Arsenal,1.41399,1.31664,w,2024
2024-08-31 11:30:00,Arsenal,2.41798,1.81748,d,2024
2024-09-15 13:00:00,Arsenal,1.1209,0.792595,w,2024
2024-09-22 15:30:00,Arsenal,1.28411,2.75588,d,2024
2024-09-28 14:00:00,Arsenal,6.05305,0.337909,w,2024
2024-10-05 14:00:00,Arsenal,3.25165,1.27313,w,2024
2024-10-19 16:30:00,Arsenal,0.740758,2.18419,l,2024
2024-10-27 16:30:00,Arsenal,1.0883,1.35346,d,2024
2024-11-02 12:30:00,Arsenal,0.911305,0.859715,l,2024
2024-11-10 16:30:00,Arsenal,1.9605,1.24067,d,2024
2024-11-23 15:00:00,Arsenal,1.66016,0.403136,w,2024
2024-11-30 17:30:00,Arsenal,3.99935,1.23539,w,2024
2024-12-04 20:15:00,Arsenal,2.96684,0.256083,w,2024
2024-12-08 14:00:00,Arsenal,2.4333,0.150988,d,2024
2024-12-14 15:00:00,Arsenal,1.30865,0.132166,d,2024
2024-12-21 17:30:00,Arsenal,3.05434,1.6052,w,2024
2024-12-27 20:15:00,Arsenal,2.16462,0.0783327,w,2024
2025-01-01 17:30:00,Arsenal,1.99848,0.272604,w,2024
2025-01-04 17:30:00,Arsenal,1.81142,1.76513,d,2024
2025-01-15 20:00:00,Arsenal,2.25501,0.777071,w,2024
2025-01-18 17:30:00,Arsenal,1.64458,1.20602,d,2024
2025-01-25 15:00:00,Arsenal,0.887358,0.514724,w,2024
2025-02-02 16:30:00,Arsenal,1.53202,0.743191,w,2024
2025-02-15 12:30:00,Arsenal,1.75,0.233209,w,2024
2025-02-22 15:00:00,Arsenal,1.37264,1.02684,l,2024
2025-02-26 19:30:00,Arsenal,1.31766,0.508611,d,2024
2025-03-09 16:30:00,Arsenal,1.82996,1.31107,d,2024
2025-03-16 13:30:00,Arsenal,0.695725,0.286036,w,2024
2025-04-01 19:45:00,Arsenal,2.30189,1.44206,w,2024
2025-04-05 11:30:00,Arsenal,1.4031,1.22875,d,2024
2025-04-12 16:30:00,Arsenal,0.767369,0.588583,d,2024
2025-04-20 13:00:00,Arsenal,2.81362,0.192879,w,2024
2025-04-23 19:00:00,Arsenal,1.92149,2.50515,d,2024
2025-05-03 16:30:00,Arsenal,2.05484,1.41783,l,2024
2025-05-11 15:30:00,Arsenal,2.18795,2.74682,d,2024
2025-05-18 15:30:00,Arsenal,1.15958,2.24634,w,2024
2025-05-25 15:00:00,Arsenal,2.40711,0.598144,w,2024
2024-08-17 14:00:00,Newcastle United,0.433489,1.95483,w,2024
2024-08-25 13:00:00,Newcastle United,1.89287,2.53513,d,2024
2024-09-01 12:30:00,Newcastle United,1.58694,1.63304,w,2024
2024-09-15 15:30:00,Newcastle United,1.48343,1.46969,w,2024
2024-09-21 14:00:00,Newcastle United,1.09768,3.21141,l,2024
2024-09-28 11:30:00,Newcastle United,1.34344,1.26516,d,2024
2024-10-05 16:30:00,Newcastle United,1.79048,0.692214,d,2024
2024-10-19 14:00:00,Newcastle United,1.93657,1.6779,l,2024
2024-10-27 14:00:00,Newcastle United,1.74225,1.61794,l,2024
2024-11-02 12:30:00,Newcastle United,0.859715,0.911305,w,2024
2024-11-10 14:00:00,Newcastle United,1.86904,1.17852,w,2024
2024-11-25 20:00:00,Newcastle United,1.49781,0.942824,l,2024
2024-11-30 15:00:00,Newcastle United,0.020989,2.29595,d,2024
2024-12-04 19:30:00,Newcastle United,1.52057,2.22766,d,2024
2024-12-07 15:00:00,Newcastle United,1.95645,1.746,l,2024
2024-12-14 15:00:00,Newcastle United,3.95461,0.186759,w,2024
2024-12-21 15:00:00,Newcastle United,3.23386,1.06427,w,2024
2024-12-26 15:00:00,Newcastle United,2.82867,0.225522,w,2024
2024-12-30 20:00:00,Newcastle United,2.2424,1.00073,w,2024
2025-01-04 12:30:00,Newcastle United,2.42963,1.00333,w,2024
2025-01-15 19:30:00,Newcastle United,2.13327,1.47433,w,2024
2025-01-18 12:30:00,Newcastle United,0.837801,2.70174,l,2024
2025-01-25 15:00:00,Newcastle United,3.08319,0.825621,w,2024
2025-02-01 15:00:00,Newcastle United,1.22716,1.60881,l,2024
2025-02-15 15:00:00,Newcastle United,0.157211,2.12004,l,2024
2025-02-23 14:00:00,Newcastle United,3.45858,2.38603,w,2024
2025-02-26 20:15:00,Newcastle United,0.45882,1.40027,l,2024
2025-03-10 20:00:00,Newcastle United,1.62976,0.823986,w,2024
2025-04-02 19:45:00,Newcastle United,2.26584,1.53201,w,2024
2025-04-07 19:00:00,Newcastle United,3.44111,0.354575,w,2024
2025-04-13 15:30:00,Newcastle United,2.6383,0.786568,w,2024
2025-04-16 18:30:00,Newcastle United,2.32947,2.37548,w,2024
2025-04-19 16:30:00,Newcastle United,1.27176,3.05371,l,2024
2025-04-26 14:00:00,Newcastle United,4.11539,0.127203,w,2024
2025-05-04 13:00:00,Newcastle United,1.63777,0.687863,d,2024
2025-05-11 11:00:00,Newcastle United,1.6703,0.646426,w,2024
2025-05-18 15:30:00,Newcastle United,2.24634,1.15958,l,2024
2025-05-25 15:00:00,Newcastle United,1.1591,1.07279,l,2024
2024-08-17 11:30:00,Liverpool,3.92906,0.342601,w,2024
2024-08-25 15:30:00,Liverpool,2.71877,0.457239,w,2024
2024-09-01 15:00:00,Liverpool,2.10397,1.50087,w,2024
2024-09-14 14:00:00,Liverpool,1.17044,0.589532,l,2024
2024-09-21 14:00:00,Liverpool,2.43731,1.46979,w,2024
2024-09-28 16:30:00,Liverpool,2.11724,0.748925,w,2024
2024-10-05 11:30:00,Liverpool,2.07332,0.609481,w,2024
2024-10-20 15:30:00,Liverpool,2.22517,1.33904,w,2024
2024-10-27 16:30:00,Liverpool,1.35346,1.0883,d,2024
2024-11-02 15:00:00,Liverpool,1.81037,1.01568,w,2024
2024-11-09 20:00:00,Liverpool,2.68196,1.66337,w,2024
2024-11-24 14:00:00,Liverpool,3.18835,1.53985,w,2024
2024-12-01 16:00:00,Liverpool,3.70054,0.745015,w,2024
2024-12-04 19:30:00,Liverpool,2.22766,1.52057,d,2024
2024-12-14 15:00:00,Liverpool,2.09698,1.2862,d,2024
2024-12-22 16:30:00,Liverpool,5.20214,1.20245,w,2024
2024-12-26 20:00:00,Liverpool,1.89935,0.22097,w,2024
2024-12-29 17:15:00,Liverpool,3.29868,0.518279,w,2024
2025-01-05 16:30:00,Liverpool,2.862,1.67469,d,2024
2025-01-14 20:00:00,Liverpool,2.72291,0.5292,d,2024
2025-01-18 15:00:00,Liverpool,4.16249,1.20021,w,2024
2025-01-25 15:00:00,Liverpool,2.16809,0.804707,w,2024
2025-02-01 15:00:00,Liverpool,2.7219,1.65273,w,2024
2025-02-12 19:30:00,Liverpool,0.929103,0.910523,d,2024
2025-02-16 14:00:00,Liverpool,1.86758,1.05329,w,2024
2025-02-19 15:00:00,Liverpool,2.04279,1.02269,d,2024
2025-02-23 16:30:00,Liverpool,0.807058,0.58248,w,2024
2025-02-26 20:15:00,Liverpool,1.40027,0.45882,w,2024
2025-03-08 15:00:00,Liverpool,4.98996,0.511566,w,2024
2025-04-02 20:00:00,Liverpool,1.29718,0.823136,w,2024
2025-04-06 13:00:00,Liverpool,1.40638,1.72764,l,2024
2025-04-13 13:00:00,Liverpool,1.42902,1.46598,w,2024
2025-04-20 15:30:00,Liverpool,4.52706,0.232205,w,2024
2025-04-27 15:30:00,Liverpool,2.51104,0.512812,w,2024
2025-05-04 15:30:00,Liverpool,1.4267,3.51944,l,2024
2025-05-11 15:30:00,Liverpool,2.74682,2.18795,d,2024
2025-05-19 19:00:00,Liverpool,3.065,2.17789,l,2024
2025-05-25 15:00:00,Liverpool,1.92122,1.4144,d,2024
2024-08-18 15:30:00,Manchester City,1.18038,1.06123,w,2024
2024-08-24 14:00:00,Manchester City,3.07818,0.479999,w,2024
2024-08-31 16:30:00,Manchester City,3.19297,0.947201,w,2024
2024-09-14 14:00:00,Manchester City,1.55279,1.05094,w,2024
2024-09-22 15:30:00,Manchester City,2.75588,1.28411,d,2024
2024-09-28 11:30:00,Manchester City,1.26516,1.34344,d,2024
2024-10-05 14:00:00,Manchester City,1.36684,2.75846,w,2024
2024-10-20 13:00:00,Manchester City,1.36569,0.761217,w,2024
2024-10-26 14:00:00,Manchester City,3.16286,0.369989,w,2024
2024-11-02 15:00:00,Manchester City,2.3527,2.4493,l,2024
2024-11-09 17:30:00,Manchester City,2.60334,2.87116,l,2024
2024-11-23 17:30:00,Manchester City,2.15899,3.30449,l,2024
2024-12-01 16:00:00,Manchester City,0.745015,3.70054,l,2024
2024-12-04 19:30:00,Manchester City,3.20169,0.802155,w,2024
2024-12-07 15:00:00,Manchester City,1.5846,1.21476,d,2024
2024-12-15 16:30:00,Manchester City,0.638103,2.04662,l,2024
2024-12-21 12:30:00,Manchester City,1.09627,2.05988,l,2024
2024-12-26 12:30:00,Manchester City,2.51965,0.653289,d,2024
2024-12-29 14:30:00,Manchester City,1.58002,1.84208,w,2024
2025-01-04 15:00:00,Manchester City,1.97986,1.53286,w,2024
2025-01-14 19:30:00,Manchester City,2.65315,2.39088,d,2024
2025-01-19 16:30:00,Manchester City,3.20228,0.795637,w,2024
2025-01-25 17:30:00,Manchester City,2.23213,1.49843,w,2024
2025-02-02 16:30:00,Manchester City,0.743191,1.53202,l,2024
2025-02-15 15:00:00,Manchester City,2.12004,0.157211,w,2024
2025-02-23 16:30:00,Manchester City,0.58248,0.807058,l,2024
2025-02-26 19:30:00,Manchester City,2.38641,1.28426,w,2024
2025-03-08 12:30:00,Manchester City,0.721234,0.501476,l,2024
2025-03-15 15:00:00,Manchester City,2.02642,2.11119,d,2024
2025-04-02 19:45:00,Manchester City,2.07165,0.104741,w,2024
2025-04-06 15:30:00,Manchester City,0.687894,1.23317,d,2024
2025-04-12 11:30:00,Manchester City,4.59724,1.33808,w,2024
2025-04-19 14:00:00,Manchester City,1.87989,0.81683,w,2024
2025-04-22 19:00:00,Manchester City,1.36232,1.85906,w,2024
2025-05-02 19:00:00,Manchester City,0.859463,0.622455,w,2024
2025-05-10 14:00:00,Manchester City,1.58463,0.136995,d,2024
2025-05-20 19:00:00,Manchester City,1.59779,0.962014,w,2024
2025-05-25 15:00:00,Manchester City,2.45923,2.21797,w,2024
2024-08-16 19:00:00,Manchester United,2.04268,0.418711,w,2024
2024-08-24 11:30:00,Manchester United,1.28556,2.14153,l,2024
2024-09-01 15:00:00,Manchester United,1.50087,2.10397,l,2024
2024-09-14 11:30:00,Manchester United,3.02693,1.35593,w,2024
2024-09-21 16:30:00,Manchester United,2.35056,1.66928,d,2024
2024-09-29 15:30:00,Manchester United,0.600721,5.4072,l,2024
2024-10-06 13:00:00,Manchester United,0.448537,0.532809,d,2024
2024-10-19 14:00:00,Manchester United,1.76555,0.892843,w,2024
2024-10-27 14:00:00,Manchester United,2.62598,2.99312,l,2024
2024-11-03 16:30:00,Manchester United,2.1605,1.21071,d,2024
2024-11-10 14:00:00,Manchester United,1.2369,0.417295,w,2024
2024-11-24 16:30:00,Manchester United,1.26912,1.98714,d,2024
2024-12-01 13:30:00,Manchester United,1.76161,0.766749,w,2024
2024-12-04 20:15:00,Manchester United,0.256083,2.96684,l,2024
2024-12-07 17:30:00,Manchester United,1.4697,0.651217,l,2024
2024-12-15 16:30:00,Manchester United,2.04662,0.638103,w,2024
2024-12-22 14:00:00,Manchester United,2.28533,1.82831,l,2024
2024-12-26 17:30:00,Manchester United,0.358876,0.826489,l,2024
2024-12-30 20:00:00,Manchester United,1.00073,2.2424,l,2024
2025-01-05 16:30:00,Manchester United,1.67469,2.862,d,2024
2025-01-16 20:00:00,Manchester United,3.10847,1.36705,w,2024
2025-01-19 14:00:00,Manchester United,1.31823,2.17172,l,2024
2025-01-26 19:00:00,Manchester United,0.201988,0.560571,w,2024
2025-02-02 14:00:00,Manchester United,1.50706,2.44633,l,2024
2025-02-16 16:30:00,Manchester United,1.42652,1.97109,l,2024
2025-02-22 12:30:00,Manchester United,0.645685,2.10444,d,2024
2025-02-26 19:30:00,Manchester United,1.40202,1.04498,w,2024
2025-03-09 16:30:00,Manchester United,1.31107,1.82996,d,2024
2025-03-16 19:00:00,Manchester United,1.13892,1.30455,w,2024
2025-04-01 20:00:00,Manchester United,1.86688,0.512063,l,2024
2025-04-06 15:30:00,Manchester United,1.23317,0.687894,d,2024
2025-04-13 15:30:00,Manchester United,0.786568,2.6383,l,2024
2025-04-20 13:00:00,Manchester United,1.13966,0.187814,l,2024
2025-04-27 13:00:00,Manchester United,1.91039,0.60995,d,2024
2025-05-04 13:00:00,Manchester United,1.13404,3.58737,l,2024
2025-05-11 13:15:00,Manchester United,2.31287,2.15985,l,2024
2025-05-16 19:15:00,Manchester United,0.337632,1.29571,l,2024
2025-05-25 15:00:00,Manchester United,2.96259,0.335222,w,2024
2024-08-17 14:00:00,Brighton,1.79083,0.405325,w,2024
2024-08-24 11:30:00,Brighton,2.14153,1.28556,w,2024
2024-08-31 11:30:00,Brighton,1.81748,2.41798,d,2024
2024-09-14 14:00:00,Brighton,1.75696,0.721323,d,2024
2024-09-22 13:00:00,Brighton,1.56836,1.36923,d,2024
2024-09-28 14:00:00,Brighton,1.20712,3.65839,l,2024
2024-10-06 15:30:00,Brighton,1.97217,1.09279,w,2024
2024-10-19 14:00:00,Brighton,1.6779,1.93657,w,2024
2024-10-26 14:00:00,Brighton,1.51347,1.11074,d,2024
2024-11-02 15:00:00,Brighton,1.01568,1.81037,l,2024
2024-11-09 17:30:00,Brighton,2.87116,2.60334,w,2024
2024-11-23 15:00:00,Brighton,1.23059,1.91157,w,2024
2024-11-29 20:00:00,Brighton,1.86986,0.934969,d,2024
2024-12-05 19:30:00,Brighton,1.09939,0.666644,l,2024
2024-12-08 14:00:00,Brighton,1.12184,1.42438,d,2024
2024-12-15 14:00:00,Brighton,1.32323,3.00618,l,2024
2024-12-21 15:00:00,Brighton,1.34379,1.22937,d,2024
2024-12-27 19:30:00,Brighton,1.33538,0.961233,d,2024
2024-12-30 19:45:00,Brighton,0.938042,1.87997,d,2024
2025-01-04 17:30:00,Brighton,1.76513,1.81142,d,2024
2025-01-16 19:30:00,Brighton,1.06343,0.268127,w,2024
2025-01-19 14:00:00,Brighton,2.17172,1.31823,w,2024
2025-01-25 15:00:00,Brighton,0.64378,0.870883,l,2024
2025-02-01 12:30:00,Brighton,0.756296,4.0677,l,2024
2025-02-14 20:00:00,Brighton,2.06892,0.649788,w,2024
2025-02-22 15:00:00,Brighton,5.12018,0.154147,w,2024
2025-02-25 19:30:00,Brighton,2.57927,1.70169,w,2024
2025-03-08 15:00:00,Brighton,1.94417,0.708227,w,2024
2025-03-15 15:00:00,Brighton,2.11119,2.02642,d,2024
2025-04-02 19:45:00,Brighton,0.558009,1.20715,l,2024
2025-04-05 14:00:00,Brighton,1.27226,0.443965,l,2024
2025-04-12 14:00:00,Brighton,3.6978,1.98444,d,2024
2025-04-19 14:00:00,Brighton,1.24107,2.95516,l,2024
2025-04-26 14:00:00,Brighton,1.29433,1.24134,w,2024
2025-05-04 13:00:00,Brighton,0.687863,1.63777,d,2024
2025-05-10 14:00:00,Brighton,1.41254,0.73395,w,2024
2025-05-19 19:00:00,Brighton,2.17789,3.065,w,2024
2025-05-25 15:00:00,Brighton,3.11624,1.85265,w,2024
2024-08-16 19:00:00,Fulham,0.418711,2.04268,l,2024
2024-08-24 14:00:00,Fulham,1.96218,0.857005,w,2024
2024-08-31 14:00:00,Fulham,1.18883,0.707048,d,2024
2024-09-14 14:00:00,Fulham,2.88601,0.682719,d,2024
2024-09-21 14:00:00,Fulham,3.21141,1.09768,w,2024
2024-09-28 14:00:00,Fulham,1.43592,0.614351,w,2024
2024-10-05 14:00:00,Fulham,2.75846,1.36684,l,2024
2024-10-19 14:00:00,Fulham,2.63074,1.43595,l,2024
2024-10-26 16:30:00,Fulham,1.49531,0.884845,d,2024
2024-11-04 20:00:00,Fulham,1.43017,0.739231,w,2024
2024-11-09 15:00:00,Fulham,2.25331,1.96037,w,2024
2024-11-23 15:00:00,Fulham,0.717158,1.33903,l,2024
2024-12-01 13:30:00,Fulham,1.57274,1.01086,d,2024
2024-12-05 19:30:00,Fulham,0.666644,1.09939,w,2024
2024-12-08 14:00:00,Fulham,0.150988,2.4333,d,2024
2024-12-14 15:00:00,Fulham,1.2862,2.09698,d,2024
2024-12-22 14:00:00,Fulham,1.25255,0.280031,d,2024
2024-12-26 15:00:00,Fulham,1.77929,1.55626,w,2024
2024-12-29 15:00:00,Fulham,0.961566,1.70692,d,2024
2025-01-05 14:00:00,Fulham,2.65469,1.4434,d,2024
2025-01-14 19:30:00,Fulham,2.83581,0.937322,l,2024
2025-01-18 15:00:00,Fulham,2.36823,0.676934,w,2024
2025-01-26 19:00:00,Fulham,0.560571,0.201988,l,2024
2025-02-01 15:00:00,Fulham,1.60881,1.22716,w,2024
2025-02-15 15:00:00,Fulham,2.20993,0.331301,w,2024
2025-02-22 15:00:00,Fulham,0.23426,1.46203,l,2024
2025-02-25 19:30:00,Fulham,1.43473,0.928973,w,2024
2025-03-08 15:00:00,Fulham,0.708227,1.94417,l,2024
2025-03-16 13:30:00,Fulham,1.03966,1.40865,w,2024
2025-04-01 19:45:00,Fulham,1.44206,2.30189,l,2024
2025-04-06 13:00:00,Fulham,1.72764,1.40638,w,2024
2025-04-14 19:00:00,Fulham,1.07203,1.8577,l,2024
2025-04-20 13:00:00,Fulham,0.306122,0.75172,l,2024
2025-04-26 14:00:00,Fulham,1.9956,0.935581,w,2024
2025-05-03 11:30:00,Fulham,0.702787,1.29013,l,2024
2025-05-10 14:00:00,Fulham,1.20869,1.32604,l,2024
2025-05-18 14:00:00,Fulham,1.61741,2.43045,w,2024
2025-05-25 15:00:00,Fulham,2.21797,2.45923,l,2024
2024-08-17 14:00:00,Wolverhampton Wanderers,0.575835,1.6283,l,2024
2024-08-25 13:00:00,Wolverhampton Wanderers,2.4181,2.02935,l,2024
2024-08-31 14:00:00,Wolverhampton Wanderers,0.937632,1.41069,d,2024
2024-09-15 15:30:00,Wolverhampton Wanderers,1.46969,1.48343,l,2024
2024-09-21 14:00:00,Wolverhampton Wanderers,0.520117,2.37351,l,2024
2024-09-28 16:30:00,Wolverhampton Wanderers,0.748925,2.11724,l,2024
2024-10-05 14:00:00,Wolverhampton Wanderers,0.696254,4.13513,l,2024
2024-10-20 13:00:00,Wolverhampton Wanderers,0.761217,1.36569,l,2024
2024-10-26 14:00:00,Wolverhampton Wanderers,1.11074,1.51347,d,2024
2024-11-02 17:30:00,Wolverhampton Wanderers,1.65018,2.64849,d,2024
2024-11-09 15:00:00,Wolverhampton Wanderers,0.912781,0.792655,w,2024
2024-11-23 15:00:00,Wolverhampton Wanderers,1.33903,0.717158,w,2024
2024-11-30 15:00:00,Wolverhampton Wanderers,0.866034,3.07901,l,2024
2024-12-04 19:30:00,Wolverhampton Wanderers,0.847724,1.49904,l,2024
2024-12-09 20:00:00,Wolverhampton Wanderers,1.47567,1.19808,l,2024
2024-12-14 15:00:00,Wolverhampton Wanderers,1.23748,1.73349,l,2024
2024-12-22 14:00:00,Wolverhampton Wanderers,1.13531,0.78868,w,2024
2024-12-26 17:30:00,Wolverhampton Wanderers,0.826489,0.358876,w,2024
2024-12-29 15:00:00,Wolverhampton Wanderers,0.640697,2.28433,d,2024
2025-01-06 20:00:00,Wolverhampton Wanderers,1.90463,2.57227,l,2024
2025-01-15 19:30:00,Wolverhampton Wanderers,1.47433,2.13327,l,2024
2025-01-20 20:00:00,Wolverhampton Wanderers,1.06726,3.14882,l,2024
2025-01-25 15:00:00,Wolverhampton Wanderers,0.514724,0.887358,l,2024
2025-02-01 17:30:00,Wolverhampton Wanderers,2.00146,0.742809,w,2024
2025-02-16 14:00:00,Wolverhampton Wanderers,1.05329,1.86758,l,2024
2025-02-22 15:00:00,Wolverhampton Wanderers,2.10124,0.629691,w,2024
2025-02-25 19:30:00,Wolverhampton Wanderers,0.928973,1.43473,l,2024
2025-03-08 20:00:00,Wolverhampton Wanderers,0.812432,1.3672,d,2024
2025-03-15 15:00:00,Wolverhampton Wanderers,0.540718,1.2821,w,2024
2025-04-01 19:45:00,Wolverhampton Wanderers,1.10359,1.73057,w,2024
2025-04-05 14:00:00,Wolverhampton Wanderers,2.8096,0.872356,w,2024
2025-04-13 13:00:00,Wolverhampton Wanderers,2.22977,1.62887,w,2024
2025-04-20 13:00:00,Wolverhampton Wanderers,0.187814,1.13966,w,2024
2025-04-26 14:00:00,Wolverhampton Wanderers,2.57666,1.04978,w,2024
2025-05-02 19:00:00,Wolverhampton Wanderers,0.622455,0.859463,l,2024
2025-05-10 14:00:00,Wolverhampton Wanderers,0.73395,1.41254,l,2024
2025-05-20 19:00:00,Wolverhampton Wanderers,1.42886,1.68451,l,2024
2025-05-25 15:00:00,Wolverhampton Wanderers,1.10889,1.97196,d,2024
2024-08-18 13:00:00,Brentford,1.38064,1.14757,w,2024
2024-08-25 15:30:00,Brentford,0.457239,2.71877,l,2024
2024-08-31 14:00:00,Brentford,3.86281,1.64713,w,2024
2024-09-14 14:00:00,Brentford,1.05094,1.55279,l,2024
2024-09-21 14:00:00,Brentford,0.893565,3.89481,l,2024
2024-09-28 14:00:00,Brentford,0.370222,0.878617,d,2024
2024-10-05 14:00:00,Brentford,4.13513,0.696254,w,2024
2024-10-19 14:00:00,Brentford,0.892843,1.76555,l,2024
2024-10-26 14:00:00,Brentford,4.09663,1.65698,w,2024
2024-11-04 20:00:00,Brentford,0.739231,1.43017,l,2024
2024-11-09 15:00:00,Brentford,1.56474,2.49234,w,2024
2024-11-23 15:00:00,Brentford,1.34314,1.5951,d,2024
2024-11-30 15:00:00,Brentford,2.21885,0.907555,w,2024
2024-12-04 20:15:00,Brentford,1.13266,3.21673,l,2024
2024-12-07 15:00:00,Brentford,1.746,1.95645,w,2024
2024-12-15 19:00:00,Brentford,1.65861,2.59146,l,2024
2024-12-21 15:00:00,Brentford,0.769004,0.964897,l,2024
2024-12-27 19:30:00,Brentford,0.961233,1.33538,d,2024
2025-01-01 17:30:00,Brentford,0.272604,1.99848,l,2024
2025-01-04 15:00:00,Brentford,5.54874,0.249614,w,2024
2025-01-14 19:30:00,Brentford,2.39088,2.65315,d,2024
2025-01-18 15:00:00,Brentford,1.20021,4.16249,l,2024
2025-01-26 14:00:00,Brentford,1.92037,1.23177,w,2024
2025-02-02 14:00:00,Brentford,1.66475,0.945355,l,2024
2025-02-15 15:00:00,Brentford,1.96499,0.673466,w,2024
2025-02-21 20:00:00,Brentford,2.03465,0.727901,w,2024
2025-02-26 19:30:00,Brentford,1.34009,1.44955,d,2024
2025-03-08 17:30:00,Brentford,0.637743,1.29638,l,2024
2025-03-15 17:30:00,Brentford,1.60321,2.02714,w,2024
2025-04-02 19:45:00,Brentford,1.53201,2.26584,l,2024
2025-04-06 13:00:00,Brentford,1.36123,1.47829,d,2024
2025-04-12 16:30:00,Brentford,0.588583,0.767369,d,2024
2025-04-19 14:00:00,Brentford,2.95516,1.24107,w,2024
2025-05-01 18:30:00,Brentford,1.52054,0.670607,w,2024
2025-05-04 13:00:00,Brentford,3.58737,1.13404,w,2024
2025-05-10 14:00:00,Brentford,1.32077,0.717433,w,2024
2025-05-18 14:00:00,Brentford,2.43045,1.61741,l,2024
2025-05-25 15:00:00,Brentford,1.97196,1.10889,d,2024
2024-08-17 14:00:00,Nottingham Forest,1.24405,1.90915,d,2024
2024-08-24 14:00:00,Nottingham Forest,2.86475,0.214952,w,2024
2024-08-31 14:00:00,Nottingham Forest,1.41069,0.937632,d,2024
2024-09-14 14:00:00,Nottingham Forest,0.589532,1.17044,w,2024
2024-09-22 13:00:00,Nottingham Forest,1.36923,1.56836,d,2024
2024-09-28 14:00:00,Nottingham Forest,0.614351,1.43592,l,2024
2024-10-06 13:00:00,Nottingham Forest,1.66654,2.27752,d,2024
2024-10-21 19:00:00,Nottingham Forest,1.88573,0.835001,w,2024
2024-10-25 19:00:00,Nottingham Forest,2.54488,0.832415,w,2024
2024-11-02 15:00:00,Nottingham Forest,2.35011,0.132317,w,2024
2024-11-10 14:00:00,Nottingham Forest,1.17852,1.86904,l,2024
2024-11-23 15:00:00,Nottingham Forest,0.403136,1.66016,l,2024
2024-11-30 15:00:00,Nottingham Forest,1.76587,0.462771,w,2024
2024-12-04 19:30:00,Nottingham Forest,0.802155,3.20169,l,2024
2024-12-07 17:30:00,Nottingham Forest,0.651217,1.4697,w,2024
2024-12-14 17:30:00,Nottingham Forest,2.2861,0.389423,w,2024
2024-12-21 15:00:00,Nottingham Forest,0.964897,0.769004,w,2024
2024-12-26 15:00:00,Nottingham Forest,1.30018,1.05758,w,2024
2024-12-29 15:00:00,Nottingham Forest,2.02753,0.615191,w,2024
2025-01-06 20:00:00,Nottingham Forest,2.57227,1.90463,w,2024
2025-01-14 20:00:00,Nottingham Forest,0.5292,2.72291,d,2024
2025-01-19 14:00:00,Nottingham Forest,2.36419,1.25922,w,2024
2025-01-25 15:00:00,Nottingham Forest,0.996166,2.8254,l,2024
2025-02-01 12:30:00,Nottingham Forest,4.0677,0.756296,w,2024
2025-02-15 15:00:00,Nottingham Forest,0.331301,2.20993,l,2024
2025-02-23 14:00:00,Nottingham Forest,2.38603,3.45858,l,2024
2025-02-26 19:30:00,Nottingham Forest,0.508611,1.31766,d,2024
2025-03-08 12:30:00,Nottingham Forest,0.501476,0.721234,w,2024
2025-03-15 15:00:00,Nottingham Forest,1.30722,0.520839,w,2024
2025-04-01 20:00:00,Nottingham Forest,0.512063,1.86688,w,2024
2025-04-05 16:30:00,Nottingham Forest,0.96769,2.63349,l,2024
2025-04-12 14:00:00,Nottingham Forest,0.423949,1.26036,l,2024
2025-04-21 19:00:00,Nottingham Forest,0.557682,2.4024,w,2024
2025-05-01 18:30:00,Nottingham Forest,0.670607,1.52054,l,2024
2025-05-05 19:00:00,Nottingham Forest,0.63684,2.34037,d,2024
2025-05-11 13:15:00,Nottingham Forest,1.76909,1.22949,d,2024
2025-05-18 13:15:00,Nottingham Forest,2.14756,0.850457,w,2024
2025-05-25 15:00:00,Nottingham Forest,1.58014,1.30874,l,2024
2024-08-17 11:30:00,Ipswich,0.342601,3.92906,l,2024
2024-08-24 14:00:00,Ipswich,0.479999,3.07818,l,2024
2024-08-31 14:00:00,Ipswich,0.707048,1.18883,d,2024
2024-09-14 14:00:00,Ipswich,0.721323,1.75696,d,2024
2024-09-21 14:00:00,Ipswich,1.645,2.89813,d,2024
2024-09-29 13:00:00,Ipswich,1.84608,1.14494,d,2024
2024-10-05 14:00:00,Ipswich,1.18463,4.39402,l,2024
2024-10-19 14:00:00,Ipswich,1.174,1.60804,l,2024
2024-10-26 14:00:00,Ipswich,1.65698,4.09663,l,2024
2024-11-02 15:00:00,Ipswich,1.33617,2.33858,d,2024
2024-11-10 14:00:00,Ipswich,2.18392,1.75088,w,2024
2024-11-24 16:30:00,Ipswich,1.98714,1.26912,d,2024
2024-11-30 15:00:00,Ipswich,0.462771,1.76587,l,2024
2024-12-03 19:30:00,Ipswich,0.471708,1.65422,l,2024
2024-12-08 14:00:00,Ipswich,1.5668,3.49127,l,2024
2024-12-14 15:00:00,Ipswich,1.73349,1.23748,w,2024
2024-12-21 15:00:00,Ipswich,1.06427,3.23386,l,2024
2024-12-27 20:15:00,Ipswich,0.0783327,2.16462,l,2024
2024-12-30 19:45:00,Ipswich,1.50093,1.60622,w,2024
2025-01-05 14:00:00,Ipswich,1.4434,2.65469,d,2024
2025-01-16 19:30:00,Ipswich,0.268127,1.06343,l,2024
2025-01-19 16:30:00,Ipswich,0.795637,3.20228,l,2024
2025-01-25 15:00:00,Ipswich,0.804707,2.16809,l,2024
2025-02-01 15:00:00,Ipswich,1.94845,1.17566,l,2024
2025-02-15 15:00:00,Ipswich,0.332864,2.89841,d,2024
2025-02-22 15:00:00,Ipswich,1.15389,1.58741,l,2024
2025-02-26 19:30:00,Ipswich,1.04498,1.40202,l,2024
2025-03-08 15:00:00,Ipswich,1.63282,3.13879,l,2024
2025-03-15 15:00:00,Ipswich,0.520839,1.30722,l,2024
2025-04-02 19:45:00,Ipswich,1.41263,1.99637,w,2024
2025-04-05 14:00:00,Ipswich,0.872356,2.8096,l,2024
2025-04-13 13:00:00,Ipswich,1.60301,2.90758,d,2024
2025-04-20 13:00:00,Ipswich,0.192879,2.81362,l,2024
2025-04-26 14:00:00,Ipswich,0.127203,4.11539,l,2024
2025-05-03 14:00:00,Ipswich,1.14351,0.808481,d,2024
2025-05-10 14:00:00,Ipswich,0.717433,1.32077,l,2024
2025-05-18 14:00:00,Ipswich,1.36957,0.788544,l,2024
2025-05-25 15:00:00,Ipswich,0.893095,0.967379,l,2024
